timestamp,pv_kw,base_load_kw,import_tariff_gbp_per_kwh,export_price_gbp_per_kwh,ambient_temp_C
2025-07-01 00:00:00,0.0,0.6825,0.1119,0.047,14.26
2025-07-01 00:30:00,0.0,0.7517,0.1258,0.0443,14.03
2025-07-01 01:00:00,0.0,0.922,0.1163,0.0491,13.81
2025-07-01 01:30:00,0.0,0.6154,0.1159,0.0511,17.3
2025-07-01 02:00:00,0.0,0.8342,0.121,0.0524,18.32
2025-07-01 02:30:00,0.0,0.9964,0.1257,0.0491,19.6
2025-07-01 03:00:00,0.0,0.56,0.1149,0.0492,18.44
2025-07-01 03:30:00,0.0,0.831,0.1203,0.0523,19.31
2025-07-01 04:00:00,0.0,0.8476,0.1221,0.0463,17.13
2025-07-01 04:30:00,0.0,0.937,0.1235,0.0492,16.73
2025-07-01 05:00:00,0.0,0.6551,0.1209,0.0504,20.24
2025-07-01 05:30:00,0.0,0.6767,0.1182,0.0509,20.1
2025-07-01 06:00:00,0.3149,1.0016,0.1159,0.049,20.16
2025-07-01 06:30:00,0.6266,1.0265,0.1204,0.0501,21.1
2025-07-01 07:00:00,0.9319,1.0778,0.1146,0.045,21.52
2025-07-01 07:30:00,1.2276,1.1358,0.1054,0.0487,23.46
2025-07-01 08:00:00,1.5107,0.998,0.1222,0.0509,23.94
2025-07-01 08:30:00,1.7783,1.1186,0.1245,0.048,23.25
2025-07-01 09:00:00,2.0277,1.0842,0.1082,0.0501,24.1
2025-07-01 09:30:00,2.2562,0.8748,0.115,0.0509,23.94
2025-07-01 10:00:00,2.4616,1.2033,0.1231,0.0493,22.77
2025-07-01 10:30:00,2.6418,0.9461,0.1303,0.0503,24.83
2025-07-01 11:00:00,2.7948,0.6624,0.1201,0.0481,21.77
2025-07-01 11:30:00,2.9192,0.9196,0.1164,0.0496,25.55
2025-07-01 12:00:00,3.0136,0.6659,0.1191,0.0512,22.21
2025-07-01 12:30:00,3.077,0.9296,0.1269,0.0503,24.39
2025-07-01 13:00:00,3.1089,0.9929,0.1168,0.0488,22.6
2025-07-01 13:30:00,3.1089,0.7142,0.116,0.0504,24.53
2025-07-01 14:00:00,3.077,1.0158,0.1176,0.0514,23.41
2025-07-01 14:30:00,3.0136,0.9908,0.1152,0.0459,20.78
2025-07-01 15:00:00,2.9192,1.1426,0.1206,0.0523,23.46
2025-07-01 15:30:00,2.7948,1.4349,0.1281,0.0493,21.57
2025-07-01 16:00:00,2.6418,1.2891,0.3416,0.0509,23.32
2025-07-01 16:30:00,2.4616,1.4286,0.3387,0.0524,21.53
2025-07-01 17:00:00,2.2562,1.6492,0.3385,0.0473,21.63
2025-07-01 17:30:00,2.0277,1.9005,0.3322,0.0486,19.09
2025-07-01 18:00:00,1.7783,2.2181,0.3444,0.0494,19.12
2025-07-01 18:30:00,1.5107,2.4213,0.3396,0.0484,18.79
2025-07-01 19:00:00,1.2276,2.4615,0.3391,0.0535,20.25
2025-07-01 19:30:00,0.9319,2.4942,0.356,0.0483,20.99
2025-07-01 20:00:00,0.6266,2.2316,0.3415,0.0489,16.79
2025-07-01 20:30:00,0.3149,2.2409,0.3362,0.0504,19.18
2025-07-01 21:00:00,0.0,1.7429,0.1179,0.0476,13.92
2025-07-01 21:30:00,0.0,1.9497,0.1257,0.0492,15.04
2025-07-01 22:00:00,0.0,1.4198,0.1206,0.0506,15.1
2025-07-01 22:30:00,0.0,1.0218,0.1128,0.0493,14.28
2025-07-01 23:00:00,0.0,0.8586,0.1246,0.0498,13.76
2025-07-01 23:30:00,0.0,1.0013,0.1167,0.0489,16.65
2025-07-02 00:00:00,0.0,0.7665,0.1294,0.047,15.68
2025-07-02 00:30:00,0.0,0.9071,0.1254,0.0506,16.6
2025-07-02 01:00:00,0.0,0.871,0.1178,0.0535,17.17
2025-07-02 01:30:00,0.0,0.7891,0.1264,0.05,16.7
2025-07-02 02:00:00,0.0,0.6731,0.1203,0.0505,17.52
2025-07-02 02:30:00,0.0,0.5731,0.1243,0.0514,16.72
2025-07-02 03:00:00,0.0,0.7342,0.1224,0.0475,15.39
2025-07-02 03:30:00,0.0,0.9318,0.1158,0.0534,19.15
2025-07-02 04:00:00,0.0,0.8407,0.1168,0.0504,17.12
2025-07-02 04:30:00,0.0,0.6329,0.1251,0.0533,17.07
2025-07-02 05:00:00,0.0,0.8666,0.1183,0.0485,18.7
2025-07-02 05:30:00,0.0,0.9326,0.118,0.0536,18.11
2025-07-02 06:00:00,0.302,0.7908,0.1152,0.0516,19.37
2025-07-02 06:30:00,0.6009,1.005,0.1221,0.0511,21.04
2025-07-02 07:00:00,0.8937,1.049,0.1303,0.0505,21.56
2025-07-02 07:30:00,1.1772,0.9123,0.1147,0.0495,20.18
2025-07-02 08:00:00,1.4487,1.1537,0.1201,0.0524,21.27
2025-07-02 08:30:00,1.7054,1.1679,0.1271,0.0503,24.05
2025-07-02 09:00:00,1.9445,1.2027,0.1196,0.0461,23.57
2025-07-02 09:30:00,2.1637,1.14,0.1223,0.0478,26.29
2025-07-02 10:00:00,2.3606,0.7167,0.1147,0.0496,25.23
2025-07-02 10:30:00,2.5334,0.7343,0.1221,0.0506,25.41
2025-07-02 11:00:00,2.6801,0.9184,0.1191,0.0499,21.78
2025-07-02 11:30:00,2.7994,0.8982,0.1249,0.0524,25.11
2025-07-02 12:00:00,2.8899,0.8894,0.1259,0.0461,23.92
2025-07-02 12:30:00,2.9508,1.3895,0.1329,0.0503,23.14
2025-07-02 13:00:00,2.9814,0.9048,0.1229,0.0464,24.12
2025-07-02 13:30:00,2.9814,1.0076,0.1216,0.0515,25.11
2025-07-02 14:00:00,2.9508,1.0144,0.121,0.0498,24.22
2025-07-02 14:30:00,2.8899,1.0266,0.1182,0.0508,21.86
2025-07-02 15:00:00,2.7994,0.972,0.1217,0.0483,23.94
2025-07-02 15:30:00,2.6801,1.2642,0.1185,0.0526,21.48
2025-07-02 16:00:00,2.5334,1.21,0.3408,0.0521,22.33
2025-07-02 16:30:00,2.3606,1.5062,0.3466,0.0512,21.08
2025-07-02 17:00:00,2.1637,1.7098,0.335,0.0497,20.71
2025-07-02 17:30:00,1.9445,2.0351,0.3457,0.0512,21.67
2025-07-02 18:00:00,1.7054,2.5768,0.3466,0.0486,18.44
2025-07-02 18:30:00,1.4487,2.0901,0.3394,0.0517,22.4
2025-07-02 19:00:00,1.1772,2.5229,0.3294,0.0533,16.23
2025-07-02 19:30:00,0.8937,2.1283,0.337,0.0521,17.57
2025-07-02 20:00:00,0.6009,2.1589,0.3465,0.0485,18.56
2025-07-02 20:30:00,0.302,2.1862,0.3399,0.0507,18.44
2025-07-02 21:00:00,0.0,1.7922,0.115,0.0474,17.02
2025-07-02 21:30:00,0.0,1.38,0.1175,0.0511,16.74
2025-07-02 22:00:00,0.0,1.2186,0.1242,0.0509,17.15
2025-07-02 22:30:00,0.0,1.2523,0.1227,0.0463,15.96
2025-07-02 23:00:00,0.0,0.9097,0.1188,0.0477,18.23
2025-07-02 23:30:00,0.0,0.9614,0.1182,0.0494,17.29
2025-07-03 00:00:00,0.0,0.8068,0.118,0.0494,17.31
2025-07-03 00:30:00,0.0,0.7023,0.1154,0.0476,14.58
2025-07-03 01:00:00,0.0,1.1216,0.1281,0.0508,16.02
2025-07-03 01:30:00,0.0,0.8951,0.1184,0.0505,15.85
2025-07-03 02:00:00,0.0,0.4963,0.1261,0.0496,15.03
2025-07-03 02:30:00,0.0,0.8283,0.1276,0.0485,17.37
2025-07-03 03:00:00,0.0,0.7019,0.125,0.0521,16.37
2025-07-03 03:30:00,0.0,0.9312,0.1178,0.0533,18.55
2025-07-03 04:00:00,0.0,0.6897,0.122,0.049,16.39
2025-07-03 04:30:00,0.0,0.8025,0.1199,0.0488,21.05
2025-07-03 05:00:00,0.0,0.9163,0.1155,0.051,17.62
2025-07-03 05:30:00,0.0,1.0047,0.1216,0.0493,19.81
2025-07-03 06:00:00,0.2507,0.7433,0.1141,0.0497,21.19
2025-07-03 06:30:00,0.4987,0.9318,0.1259,0.0515,19.67
2025-07-03 07:00:00,0.7417,0.969,0.1177,0.0462,22.31
2025-07-03 07:30:00,0.9771,0.9858,0.121,0.0526,19.69
2025-07-03 08:00:00,1.2024,1.3648,0.1214,0.0501,24.18
2025-07-03 08:30:00,1.4154,1.1445,0.1187,0.0492,22.46
2025-07-03 09:00:00,1.6139,0.8511,0.1229,0.0498,21.93
2025-07-03 09:30:00,1.7958,1.1197,0.1176,0.0499,22.72
2025-07-03 10:00:00,1.9592,1.2417,0.1244,0.0465,24.68
2025-07-03 10:30:00,2.1026,1.0299,0.1133,0.053,22.82
2025-07-03 11:00:00,2.2244,0.6132,0.1206,0.0501,22.74
2025-07-03 11:30:00,2.3234,0.7485,0.1297,0.0509,23.63
2025-07-03 12:00:00,2.3985,1.0022,0.115,0.0519,22.23
2025-07-03 12:30:00,2.449,0.7054,0.1166,0.048,26.7
2025-07-03 13:00:00,2.4744,0.8857,0.1226,0.0509,23.01
2025-07-03 13:30:00,2.4744,0.9535,0.1209,0.0495,24.94
2025-07-03 14:00:00,2.449,0.7322,0.1218,0.0517,23.78
2025-07-03 14:30:00,2.3985,0.92,0.1224,0.0457,21.7
2025-07-03 15:00:00,2.3234,0.5331,0.1232,0.0498,22.82
2025-07-03 15:30:00,2.2244,0.9967,0.1255,0.0488,23.61
2025-07-03 16:00:00,2.1026,1.2881,0.342,0.0509,21.72
2025-07-03 16:30:00,1.9592,1.3545,0.3388,0.0509,23.32
2025-07-03 17:00:00,1.7958,2.0274,0.3434,0.0486,22.57
2025-07-03 17:30:00,1.6139,1.8083,0.3495,0.0486,21.9
2025-07-03 18:00:00,1.4154,2.1636,0.3393,0.0498,19.31
2025-07-03 18:30:00,1.2024,2.3898,0.3351,0.0482,17.86
2025-07-03 19:00:00,0.9771,2.6362,0.3455,0.0517,18.04
2025-07-03 19:30:00,0.7417,2.1548,0.3394,0.0493,18.76
2025-07-03 20:00:00,0.4987,2.4041,0.3291,0.0442,18.82
2025-07-03 20:30:00,0.2507,2.0244,0.3442,0.0493,14.31
2025-07-03 21:00:00,0.0,1.6354,0.1173,0.0479,17.16
2025-07-03 21:30:00,0.0,1.611,0.1195,0.0467,17.06
2025-07-03 22:00:00,0.0,1.3558,0.1217,0.0475,16.12
2025-07-03 22:30:00,0.0,1.0603,0.121,0.0502,18.24
2025-07-03 23:00:00,0.0,1.0297,0.1235,0.0527,16.77
2025-07-03 23:30:00,0.0,0.8711,0.1178,0.0506,18.0
2025-07-04 00:00:00,0.0,0.817,0.1226,0.0488,15.68
2025-07-04 00:30:00,0.0,0.8993,0.1187,0.0509,17.44
2025-07-04 01:00:00,0.0,1.0379,0.1237,0.0491,18.59
2025-07-04 01:30:00,0.0,0.6144,0.1231,0.0486,18.27
2025-07-04 02:00:00,0.0,1.1201,0.1153,0.0477,14.9
2025-07-04 02:30:00,0.0,0.5075,0.1254,0.0465,16.45
2025-07-04 03:00:00,0.0,0.7784,0.1173,0.0492,16.65
2025-07-04 03:30:00,0.0,0.8916,0.124,0.0503,18.3
2025-07-04 04:00:00,0.0,0.8507,0.1218,0.0498,19.03
2025-07-04 04:30:00,0.0,0.7263,0.1292,0.0492,17.21
2025-07-04 05:00:00,0.0,0.8094,0.1189,0.0481,19.07
2025-07-04 05:30:00,0.0,0.8009,0.1183,0.0512,16.45
2025-07-04 06:00:00,0.0977,0.8349,0.1199,0.0474,22.16
2025-07-04 06:30:00,0.1944,1.1094,0.1185,0.0516,19.75
2025-07-04 07:00:00,0.2891,1.0938,0.124,0.048,21.12
2025-07-04 07:30:00,0.3809,0.9799,0.1119,0.0485,21.07
2025-07-04 08:00:00,0.4687,1.2349,0.1147,0.0471,23.72
2025-07-04 08:30:00,0.5517,1.1299,0.1147,0.049,18.18
2025-07-04 09:00:00,0.6291,1.1622,0.1248,0.052,22.8
2025-07-04 09:30:00,0.7,1.0764,0.1286,0.051,23.01
2025-07-04 10:00:00,0.7638,0.799,0.1195,0.052,22.78
2025-07-04 10:30:00,0.8196,0.791,0.1192,0.051,26.28
2025-07-04 11:00:00,0.8671,0.9532,0.1204,0.0478,22.53
2025-07-04 11:30:00,0.9057,0.9127,0.1258,0.0493,25.12
2025-07-04 12:00:00,0.935,0.809,0.1154,0.0484,24.53
2025-07-04 12:30:00,0.9547,0.8292,0.1212,0.0527,25.86
2025-07-04 13:00:00,0.9646,1.0108,0.1249,0.0476,22.86
2025-07-04 13:30:00,0.9646,0.7486,0.1225,0.0518,22.6
2025-07-04 14:00:00,0.9547,0.9533,0.1209,0.0518,25.11
2025-07-04 14:30:00,0.935,0.8986,0.125,0.0537,23.81
2025-07-04 15:00:00,0.9057,0.9866,0.1065,0.0492,20.51
2025-07-04 15:30:00,0.8671,1.3152,0.1234,0.0514,21.63
2025-07-04 16:00:00,0.8196,1.4497,0.3367,0.0546,22.58
2025-07-04 16:30:00,0.7638,1.6637,0.3308,0.0488,22.79
2025-07-04 17:00:00,0.7,1.9784,0.3426,0.0469,20.02
2025-07-04 17:30:00,0.6291,2.026,0.3469,0.0462,16.15
2025-07-04 18:00:00,0.5517,2.3319,0.3393,0.0514,20.78
2025-07-04 18:30:00,0.4687,2.3236,0.3448,0.0462,17.65
2025-07-04 19:00:00,0.3809,2.4686,0.3481,0.0493,15.94
2025-07-04 19:30:00,0.2891,2.3506,0.3466,0.0509,14.22
2025-07-04 20:00:00,0.1944,2.2442,0.3482,0.0504,19.22
2025-07-04 20:30:00,0.0977,2.1121,0.3437,0.0509,17.76
2025-07-04 21:00:00,0.0,1.6598,0.1204,0.0504,16.83
2025-07-04 21:30:00,0.0,1.8555,0.112,0.0526,18.91
2025-07-04 22:00:00,0.0,1.175,0.1188,0.0481,17.49
2025-07-04 22:30:00,0.0,0.9682,0.1158,0.0486,18.73
2025-07-04 23:00:00,0.0,1.193,0.1309,0.0485,14.05
2025-07-04 23:30:00,0.0,1.0476,0.1191,0.0517,15.98
2025-07-05 00:00:00,0.0,0.8936,0.1206,0.0518,13.57
2025-07-05 00:30:00,0.0,0.8943,0.1228,0.0509,15.69
2025-07-05 01:00:00,0.0,0.7982,0.1202,0.0524,15.76
2025-07-05 01:30:00,0.0,0.6654,0.1285,0.0476,17.24
2025-07-05 02:00:00,0.0,0.8115,0.1169,0.0533,16.6
2025-07-05 02:30:00,0.0,0.6988,0.121,0.053,17.76
2025-07-05 03:00:00,0.0,0.9474,0.1163,0.0515,18.23
2025-07-05 03:30:00,0.0,0.7813,0.1134,0.0536,20.8
2025-07-05 04:00:00,0.0,0.6847,0.1169,0.0467,17.53
2025-07-05 04:30:00,0.0,0.7715,0.1198,0.049,17.06
2025-07-05 05:00:00,0.0,0.9025,0.1179,0.0485,19.33
2025-07-05 05:30:00,0.0,0.7902,0.1165,0.0514,18.27
2025-07-05 06:00:00,0.3558,0.8,0.113,0.0479,22.22
2025-07-05 06:30:00,0.7079,1.0185,0.1196,0.0515,20.1
2025-07-05 07:00:00,1.0527,1.077,0.1125,0.0527,20.19
2025-07-05 07:30:00,1.3868,1.0077,0.1238,0.0514,20.82
2025-07-05 08:00:00,1.7066,1.0293,0.1204,0.0506,23.08
2025-07-05 08:30:00,2.0089,1.1186,0.1127,0.048,22.2
2025-07-05 09:00:00,2.2906,0.823,0.1185,0.0483,21.87
2025-07-05 09:30:00,2.5488,0.7709,0.1162,0.0525,25.67
2025-07-05 10:00:00,2.7808,0.8156,0.1216,0.0516,22.18
2025-07-05 10:30:00,2.9843,0.843,0.1267,0.0499,23.75
2025-07-05 11:00:00,3.1572,0.8878,0.1106,0.0492,24.84
2025-07-05 11:30:00,3.2977,1.0425,0.1206,0.0459,21.52
2025-07-05 12:00:00,3.4043,0.9408,0.1192,0.0479,24.72
2025-07-05 12:30:00,3.476,0.7876,0.1234,0.0538,22.38
2025-07-05 13:00:00,3.5121,0.8163,0.1211,0.0474,25.1
2025-07-05 13:30:00,3.5121,0.6869,0.1162,0.0504,22.25
2025-07-05 14:00:00,3.476,0.8685,0.1184,0.052,24.5
2025-07-05 14:30:00,3.4043,0.8856,0.116,0.0475,24.83
2025-07-05 15:00:00,3.2977,1.0677,0.1254,0.0504,24.12
2025-07-05 15:30:00,3.1572,1.0263,0.1201,0.0519,22.81
2025-07-05 16:00:00,2.9843,1.4038,0.3495,0.05,21.65
2025-07-05 16:30:00,2.7808,1.7716,0.3397,0.0557,20.67
2025-07-05 17:00:00,2.5488,1.7663,0.3365,0.0467,23.24
2025-07-05 17:30:00,2.2906,2.0831,0.3324,0.0521,19.47
2025-07-05 18:00:00,2.0089,2.3332,0.331,0.0497,18.44
2025-07-05 18:30:00,1.7066,2.31,0.3321,0.0515,20.48
2025-07-05 19:00:00,1.3868,2.4536,0.3413,0.0509,17.77
2025-07-05 19:30:00,1.0527,2.372,0.3425,0.0485,17.04
2025-07-05 20:00:00,0.7079,2.2443,0.3321,0.0505,15.83
2025-07-05 20:30:00,0.3558,1.9069,0.3445,0.0463,16.84
2025-07-05 21:00:00,0.0,1.7863,0.1176,0.0512,17.05
2025-07-05 21:30:00,0.0,1.6164,0.1207,0.0506,17.19
2025-07-05 22:00:00,0.0,1.5436,0.1281,0.0513,17.96
2025-07-05 22:30:00,0.0,1.2942,0.1245,0.0521,17.09
2025-07-05 23:00:00,0.0,1.3422,0.1187,0.0507,15.85
2025-07-05 23:30:00,0.0,0.8138,0.1155,0.0503,15.74
2025-07-06 00:00:00,0.0,0.9308,0.1092,0.0482,16.77
2025-07-06 00:30:00,0.0,0.8275,0.1164,0.0486,17.94
2025-07-06 01:00:00,0.0,1.1285,0.1189,0.0524,16.33
2025-07-06 01:30:00,0.0,0.6788,0.1151,0.0529,15.6
2025-07-06 02:00:00,0.0,0.6741,0.1193,0.0495,15.05
2025-07-06 02:30:00,0.0,0.7105,0.1204,0.0501,14.66
2025-07-06 03:00:00,0.0,0.4826,0.1189,0.0482,18.17
2025-07-06 03:30:00,0.0,0.7245,0.1167,0.0523,18.43
2025-07-06 04:00:00,0.0,0.6947,0.1208,0.0513,18.87
2025-07-06 04:30:00,0.0,0.8423,0.1222,0.0539,18.28
2025-07-06 05:00:00,0.0,0.8919,0.1145,0.0482,21.08
2025-07-06 05:30:00,0.0,1.1562,0.1271,0.0492,18.75
2025-07-06 06:00:00,0.206,1.0659,0.1195,0.0505,21.43
2025-07-06 06:30:00,0.4099,0.8954,0.1201,0.0513,20.46
2025-07-06 07:00:00,0.6096,0.9055,0.1235,0.0496,20.12
2025-07-06 07:30:00,0.8031,1.1576,0.1212,0.0483,22.42
2025-07-06 08:00:00,0.9883,0.902,0.1248,0.0518,22.61
2025-07-06 08:30:00,1.1633,1.3585,0.1214,0.0514,22.97
2025-07-06 09:00:00,1.3265,1.2171,0.1169,0.0482,22.95
2025-07-06 09:30:00,1.476,0.9116,0.1218,0.0527,23.12
2025-07-06 10:00:00,1.6103,0.6664,0.1143,0.0523,27.05
2025-07-06 10:30:00,1.7282,1.0781,0.1205,0.0503,25.47
2025-07-06 11:00:00,1.8283,0.824,0.1198,0.0502,24.95
2025-07-06 11:30:00,1.9097,1.0068,0.119,0.0511,24.13
2025-07-06 12:00:00,1.9714,0.5729,0.1194,0.0483,25.51
2025-07-06 12:30:00,2.0129,0.7217,0.1106,0.0501,24.74
2025-07-06 13:00:00,2.0338,0.8199,0.1173,0.0457,23.9
2025-07-06 13:30:00,2.0338,0.8443,0.1205,0.0518,23.24
2025-07-06 14:00:00,2.0129,0.8038,0.1208,0.0469,23.34
2025-07-06 14:30:00,1.9714,1.0223,0.1149,0.053,18.42
2025-07-06 15:00:00,1.9097,0.8591,0.1263,0.0493,23.14
2025-07-06 15:30:00,1.8283,1.129,0.1157,0.0496,21.7
2025-07-06 16:00:00,1.7282,1.344,0.3448,0.0487,24.39
2025-07-06 16:30:00,1.6103,1.6189,0.3421,0.0494,21.56
2025-07-06 17:00:00,1.476,1.8893,0.3368,0.0528,19.25
2025-07-06 17:30:00,1.3265,1.8541,0.3489,0.045,20.45
2025-07-06 18:00:00,1.1633,1.9995,0.334,0.0526,18.43
2025-07-06 18:30:00,0.9883,2.5618,0.3446,0.0507,20.19
2025-07-06 19:00:00,0.8031,2.4698,0.345,0.0476,19.4
2025-07-06 19:30:00,0.6096,2.2579,0.3366,0.0478,19.91
2025-07-06 20:00:00,0.4099,2.4623,0.347,0.0534,16.81
2025-07-06 20:30:00,0.206,2.0402,0.3387,0.0481,17.62
2025-07-06 21:00:00,0.0,1.9595,0.1214,0.0477,15.12
2025-07-06 21:30:00,0.0,1.5518,0.1213,0.0523,17.88
2025-07-06 22:00:00,0.0,1.635,0.1193,0.0507,17.31
2025-07-06 22:30:00,0.0,1.4137,0.1241,0.0481,17.05
2025-07-06 23:00:00,0.0,0.9819,0.124,0.0504,16.14
2025-07-06 23:30:00,0.0,1.0746,0.1113,0.0479,16.66
2025-07-07 00:00:00,0.0,0.8968,0.1265,0.0522,18.41
2025-07-07 00:30:00,0.0,1.0053,0.1117,0.0521,15.61
2025-07-07 01:00:00,0.0,0.6553,0.1252,0.0511,16.34
2025-07-07 01:30:00,0.0,0.9029,0.1256,0.0507,14.68
2025-07-07 02:00:00,0.0,0.9589,0.1145,0.0535,15.23
2025-07-07 02:30:00,0.0,0.5366,0.1179,0.05,16.97
2025-07-07 03:00:00,0.0,0.6237,0.1145,0.0476,18.83
2025-07-07 03:30:00,0.0,0.4974,0.1189,0.0509,17.18
2025-07-07 04:00:00,0.0,0.7682,0.1185,0.0542,17.65
2025-07-07 04:30:00,0.0,0.9273,0.1239,0.048,17.86
2025-07-07 05:00:00,0.0,1.066,0.1266,0.0493,18.16
2025-07-07 05:30:00,0.0,0.8859,0.127,0.0508,19.92
2025-07-07 06:00:00,0.2932,1.1676,0.1172,0.0499,17.75
2025-07-07 06:30:00,0.5835,0.7749,0.119,0.048,22.44
2025-07-07 07:00:00,0.8677,0.7847,0.1116,0.0522,20.04
2025-07-07 07:30:00,1.1431,1.0755,0.116,0.0546,22.61
2025-07-07 08:00:00,1.4067,1.1576,0.1248,0.0504,20.1
2025-07-07 08:30:00,1.6559,1.0789,0.1281,0.0482,23.44
2025-07-07 09:00:00,1.8881,0.7301,0.1138,0.0469,23.84
2025-07-07 09:30:00,2.1009,0.9686,0.117,0.0505,23.75
2025-07-07 10:00:00,2.2922,0.7277,0.1199,0.0522,21.97
2025-07-07 10:30:00,2.4599,0.9755,0.1214,0.051,24.07
2025-07-07 11:00:00,2.6024,0.8961,0.116,0.05,22.09
2025-07-07 11:30:00,2.7182,0.6802,0.1221,0.0488,23.59
2025-07-07 12:00:00,2.8061,0.735,0.1176,0.0478,25.54
2025-07-07 12:30:00,2.8652,0.6527,0.1199,0.0517,25.16
2025-07-07 13:00:00,2.8949,0.8098,0.1227,0.0518,23.89
2025-07-07 13:30:00,2.8949,0.9806,0.12,0.0469,22.23
2025-07-07 14:00:00,2.8652,0.7234,0.1178,0.0532,24.43
2025-07-07 14:30:00,2.8061,1.0045,0.1195,0.0511,23.2
2025-07-07 15:00:00,2.7182,0.9397,0.1196,0.0528,19.35
2025-07-07 15:30:00,2.6024,1.0314,0.1181,0.0473,23.61
2025-07-07 16:00:00,2.4599,1.3099,0.3387,0.0473,21.96
2025-07-07 16:30:00,2.2922,1.3864,0.348,0.0497,23.33
2025-07-07 17:00:00,2.1009,1.6995,0.3428,0.051,19.39
2025-07-07 17:30:00,1.8881,1.8432,0.3385,0.0536,15.76
2025-07-07 18:00:00,1.6559,2.5244,0.3435,0.0514,20.42
2025-07-07 18:30:00,1.4067,2.3754,0.3383,0.0495,19.92
2025-07-07 19:00:00,1.1431,2.315,0.3459,0.0479,16.43
2025-07-07 19:30:00,0.8677,2.4023,0.3418,0.0525,17.0
2025-07-07 20:00:00,0.5835,2.2128,0.3395,0.0481,22.13
2025-07-07 20:30:00,0.2932,1.9897,0.3422,0.0533,17.11
2025-07-07 21:00:00,0.0,1.8747,0.1121,0.0494,18.27
2025-07-07 21:30:00,0.0,1.6553,0.1144,0.0532,15.85
2025-07-07 22:00:00,0.0,1.2464,0.114,0.0514,13.4
2025-07-07 22:30:00,0.0,1.064,0.1207,0.0497,16.05
2025-07-07 23:00:00,0.0,0.978,0.1287,0.049,15.74
2025-07-07 23:30:00,0.0,0.5836,0.1312,0.0493,15.43
2025-07-08 00:00:00,0.0,0.5727,0.1232,0.0509,15.83
2025-07-08 00:30:00,0.0,1.005,0.1225,0.0502,16.43
2025-07-08 01:00:00,0.0,1.0468,0.111,0.0488,15.91
2025-07-08 01:30:00,0.0,0.7627,0.1173,0.0497,14.41
2025-07-08 02:00:00,0.0,0.8866,0.1161,0.0502,17.27
2025-07-08 02:30:00,0.0,0.847,0.1169,0.0457,13.9
2025-07-08 03:00:00,0.0,1.263,0.1192,0.0509,14.1
2025-07-08 03:30:00,0.0,0.9713,0.1176,0.048,18.67
2025-07-08 04:00:00,0.0,0.7894,0.1101,0.0477,18.76
2025-07-08 04:30:00,0.0,0.6764,0.1237,0.0466,18.38
2025-07-08 05:00:00,0.0,0.5996,0.1146,0.0464,16.87
2025-07-08 05:30:00,0.0,0.9053,0.1212,0.0473,18.42
2025-07-08 06:00:00,0.2803,0.8099,0.1304,0.0486,19.61
2025-07-08 06:30:00,0.5576,0.7686,0.1154,0.0539,18.13
2025-07-08 07:00:00,0.8293,0.9432,0.1073,0.0489,19.93
2025-07-08 07:30:00,1.0925,0.9216,0.1186,0.0504,22.51
2025-07-08 08:00:00,1.3444,1.3531,0.1255,0.0508,24.14
2025-07-08 08:30:00,1.5825,1.216,0.1298,0.0503,21.81
2025-07-08 09:00:00,1.8045,1.039,0.1139,0.0498,23.96
2025-07-08 09:30:00,2.0078,1.204,0.1225,0.0476,20.3
2025-07-08 10:00:00,2.1906,0.935,0.1177,0.0529,24.45
2025-07-08 10:30:00,2.3509,0.7458,0.1195,0.0536,22.49
2025-07-08 11:00:00,2.4871,1.0696,0.1332,0.0466,24.32
2025-07-08 11:30:00,2.5978,0.902,0.1125,0.048,23.59
2025-07-08 12:00:00,2.6818,0.6565,0.1213,0.0494,25.98
2025-07-08 12:30:00,2.7383,0.783,0.1223,0.0481,22.65
2025-07-08 13:00:00,2.7667,0.6878,0.1254,0.051,24.81
2025-07-08 13:30:00,2.7667,0.6299,0.1205,0.0485,23.28
2025-07-08 14:00:00,2.7383,1.0102,0.1215,0.0543,23.23
2025-07-08 14:30:00,2.6818,1.2153,0.118,0.0524,22.9
2025-07-08 15:00:00,2.5978,0.8095,0.1213,0.0504,21.56
2025-07-08 15:30:00,2.4871,1.2348,0.1183,0.0521,22.41
2025-07-08 16:00:00,2.3509,1.2283,0.3431,0.0522,21.91
2025-07-08 16:30:00,2.1906,1.4686,0.3382,0.0489,21.89
2025-07-08 17:00:00,2.0078,1.6937,0.3419,0.0484,21.16
2025-07-08 17:30:00,1.8045,1.8932,0.3399,0.0502,21.72
2025-07-08 18:00:00,1.5825,2.2369,0.3456,0.0517,21.39
2025-07-08 18:30:00,1.3444,2.2455,0.3397,0.0503,17.9
2025-07-08 19:00:00,1.0925,2.4606,0.3311,0.0468,20.27
2025-07-08 19:30:00,0.8293,2.3626,0.3463,0.0484,16.69
2025-07-08 20:00:00,0.5576,2.1938,0.3355,0.0499,18.88
2025-07-08 20:30:00,0.2803,1.8867,0.3367,0.0498,18.49
2025-07-08 21:00:00,0.0,1.6961,0.117,0.0539,14.3
2025-07-08 21:30:00,0.0,1.655,0.1269,0.0472,16.97
2025-07-08 22:00:00,0.0,1.4011,0.1093,0.051,15.83
2025-07-08 22:30:00,0.0,1.0037,0.1357,0.053,15.17
2025-07-08 23:00:00,0.0,1.0341,0.1253,0.0545,18.16
2025-07-08 23:30:00,0.0,1.0416,0.1211,0.0492,15.05
2025-07-09 00:00:00,0.0,0.5496,0.1197,0.051,14.79
2025-07-09 00:30:00,0.0,0.8815,0.1214,0.0511,16.15
2025-07-09 01:00:00,0.0,0.7006,0.1226,0.0504,17.16
2025-07-09 01:30:00,0.0,0.8856,0.1232,0.0498,16.09
2025-07-09 02:00:00,0.0,0.6856,0.1228,0.0509,18.29
2025-07-09 02:30:00,0.0,0.5296,0.1204,0.0449,17.62
2025-07-09 03:00:00,0.0,0.557,0.119,0.0514,13.9
2025-07-09 03:30:00,0.0,0.8105,0.1192,0.0503,16.77
2025-07-09 04:00:00,0.0,0.8475,0.119,0.0496,17.16
2025-07-09 04:30:00,0.0,0.6841,0.1257,0.0541,19.19
2025-07-09 05:00:00,0.0,0.9364,0.123,0.0487,15.03
2025-07-09 05:30:00,0.0,0.6256,0.1053,0.0492,23.3
2025-07-09 06:00:00,0.4047,0.9134,0.1233,0.054,20.8
2025-07-09 06:30:00,0.8052,0.8003,0.121,0.0483,20.75
2025-07-09 07:00:00,1.1975,0.9424,0.1199,0.0489,22.81
2025-07-09 07:30:00,1.5774,1.0909,0.1181,0.0497,25.05
2025-07-09 08:00:00,1.9412,0.9709,0.1256,0.0517,23.31
2025-07-09 08:30:00,2.2851,1.0261,0.1247,0.0504,23.86
2025-07-09 09:00:00,2.6055,1.1912,0.1161,0.0474,23.02
2025-07-09 09:30:00,2.8992,0.8954,0.122,0.0489,22.96
2025-07-09 10:00:00,3.1631,1.0488,0.1151,0.0488,22.75
2025-07-09 10:30:00,3.3946,0.7055,0.1131,0.0498,22.46
2025-07-09 11:00:00,3.5912,0.9206,0.1169,0.0509,22.83
2025-07-09 11:30:00,3.751,1.0374,0.1243,0.0508,21.94
2025-07-09 12:00:00,3.8723,0.4414,0.1248,0.0464,23.89
2025-07-09 12:30:00,3.9539,0.692,0.1226,0.0521,21.44
2025-07-09 13:00:00,3.9949,0.9057,0.1236,0.0505,24.15
2025-07-09 13:30:00,3.9949,0.8068,0.1226,0.0528,23.64
2025-07-09 14:00:00,3.9539,0.927,0.1168,0.0509,23.68
2025-07-09 14:30:00,3.8723,0.8383,0.1222,0.0522,22.39
2025-07-09 15:00:00,3.751,1.0322,0.124,0.0509,27.44
2025-07-09 15:30:00,3.5912,1.127,0.1238,0.0527,24.48
2025-07-09 16:00:00,3.3946,1.5011,0.3459,0.051,20.13
2025-07-09 16:30:00,3.1631,1.5799,0.3435,0.0498,21.88
2025-07-09 17:00:00,2.8992,1.8332,0.3418,0.0545,20.12
2025-07-09 17:30:00,2.6055,1.9611,0.3454,0.0518,19.0
2025-07-09 18:00:00,2.2851,2.1565,0.3399,0.0511,17.99
2025-07-09 18:30:00,1.9412,2.3053,0.3356,0.0474,20.13
2025-07-09 19:00:00,1.5774,2.4792,0.3392,0.0474,17.94
2025-07-09 19:30:00,1.1975,2.307,0.3363,0.0506,19.92
2025-07-09 20:00:00,0.8052,2.2731,0.3366,0.0503,19.49
2025-07-09 20:30:00,0.4047,2.3342,0.3393,0.0488,19.63
2025-07-09 21:00:00,0.0,1.9132,0.116,0.0503,15.89
2025-07-09 21:30:00,0.0,1.4928,0.1185,0.0532,17.54
2025-07-09 22:00:00,0.0,1.5061,0.1105,0.0514,17.48
2025-07-09 22:30:00,0.0,1.0891,0.1211,0.0477,15.59
2025-07-09 23:00:00,0.0,0.7135,0.12,0.0498,14.98
2025-07-09 23:30:00,0.0,0.7777,0.1159,0.0484,18.45
2025-07-10 00:00:00,0.0,0.5194,0.1233,0.0492,16.34
2025-07-10 00:30:00,0.0,0.7473,0.1247,0.0492,16.99
2025-07-10 01:00:00,0.0,0.8028,0.112,0.049,14.9
2025-07-10 01:30:00,0.0,1.0515,0.1162,0.0475,14.48
2025-07-10 02:00:00,0.0,0.8491,0.1162,0.0497,15.68
2025-07-10 02:30:00,0.0,0.7675,0.1153,0.0489,16.64
2025-07-10 03:00:00,0.0,0.9256,0.1241,0.0441,15.58
2025-07-10 03:30:00,0.0,0.4717,0.119,0.0541,17.55
2025-07-10 04:00:00,0.0,0.8439,0.1187,0.0522,15.47
2025-07-10 04:30:00,0.0,0.9353,0.11,0.0492,16.79
2025-07-10 05:00:00,0.0,0.6188,0.1232,0.05,19.97
2025-07-10 05:30:00,0.0,1.0464,0.1138,0.0477,20.38
2025-07-10 06:00:00,0.3089,0.9741,0.1203,0.0534,19.41
2025-07-10 06:30:00,0.6147,0.9197,0.1214,0.0538,19.0
2025-07-10 07:00:00,0.9142,1.1351,0.1268,0.0503,19.49
2025-07-10 07:30:00,1.2043,1.4244,0.1135,0.052,20.97
2025-07-10 08:00:00,1.482,1.1273,0.1049,0.0504,22.97
2025-07-10 08:30:00,1.7445,1.121,0.1209,0.0473,23.83
2025-07-10 09:00:00,1.9892,0.9713,0.129,0.0492,22.08
2025-07-10 09:30:00,2.2134,0.8545,0.1262,0.0503,21.44
2025-07-10 10:00:00,2.4149,1.0479,0.121,0.0491,23.87
2025-07-10 10:30:00,2.5916,0.7466,0.1175,0.0496,22.46
2025-07-10 11:00:00,2.7417,0.8519,0.124,0.0498,23.09
2025-07-10 11:30:00,2.8637,0.7495,0.1151,0.0498,25.95
2025-07-10 12:00:00,2.9563,0.884,0.1224,0.0501,25.24
2025-07-10 12:30:00,3.0186,0.8616,0.1225,0.0479,24.2
2025-07-10 13:00:00,3.0499,0.9748,0.1253,0.0486,21.96
2025-07-10 13:30:00,3.0499,0.7608,0.1338,0.0474,24.01
2025-07-10 14:00:00,3.0186,0.8308,0.122,0.052,25.06
2025-07-10 14:30:00,2.9563,0.7821,0.1175,0.0458,22.61
2025-07-10 15:00:00,2.8637,0.9526,0.1199,0.0523,24.86
2025-07-10 15:30:00,2.7417,1.2069,0.1112,0.0528,24.37
2025-07-10 16:00:00,2.5916,1.4395,0.3365,0.0494,24.5
2025-07-10 16:30:00,2.4149,1.4034,0.338,0.0448,21.99
2025-07-10 17:00:00,2.2134,1.913,0.3374,0.0493,21.92
2025-07-10 17:30:00,1.9892,2.2262,0.3408,0.0499,22.64
2025-07-10 18:00:00,1.7445,2.2917,0.3359,0.048,20.67
2025-07-10 18:30:00,1.482,2.6517,0.3456,0.049,18.73
2025-07-10 19:00:00,1.2043,2.3039,0.34,0.0531,18.29
2025-07-10 19:30:00,0.9142,2.1835,0.34,0.0513,18.83
2025-07-10 20:00:00,0.6147,1.9628,0.3384,0.0482,16.06
2025-07-10 20:30:00,0.3089,2.2472,0.3408,0.0468,17.35
2025-07-10 21:00:00,0.0,1.8807,0.1241,0.0493,18.82
2025-07-10 21:30:00,0.0,1.5334,0.1157,0.0496,13.54
2025-07-10 22:00:00,0.0,1.3679,0.1167,0.051,18.84
2025-07-10 22:30:00,0.0,0.9815,0.1185,0.0489,17.99
2025-07-10 23:00:00,0.0,1.3861,0.1133,0.051,15.45
2025-07-10 23:30:00,0.0,0.9483,0.1159,0.0539,16.85
2025-07-11 00:00:00,0.0,0.8164,0.1176,0.0516,16.0
2025-07-11 00:30:00,0.0,0.9089,0.1244,0.0499,17.88
2025-07-11 01:00:00,0.0,0.8722,0.1213,0.0496,17.61
2025-07-11 01:30:00,0.0,0.8336,0.121,0.0493,14.2
2025-07-11 02:00:00,0.0,0.6815,0.1243,0.0524,17.42
2025-07-11 02:30:00,0.0,0.8711,0.1193,0.0487,16.52
2025-07-11 03:00:00,0.0,1.0835,0.122,0.0501,17.3
2025-07-11 03:30:00,0.0,1.0051,0.1195,0.0501,16.47
2025-07-11 04:00:00,0.0,1.0475,0.1213,0.049,20.62
2025-07-11 04:30:00,0.0,0.743,0.1171,0.0473,20.03
2025-07-11 05:00:00,0.0,0.6922,0.1078,0.0506,17.86
2025-07-11 05:30:00,0.0,0.8559,0.1193,0.0499,17.48
2025-07-11 06:00:00,0.2207,0.9317,0.1271,0.051,19.42
2025-07-11 06:30:00,0.4392,1.1461,0.1246,0.0489,21.17
2025-07-11 07:00:00,0.6531,0.7864,0.1248,0.0524,21.4
2025-07-11 07:30:00,0.8603,1.3132,0.1262,0.0482,23.41
2025-07-11 08:00:00,1.0587,1.0763,0.1204,0.0534,23.18
2025-07-11 08:30:00,1.2463,1.0198,0.121,0.0465,23.89
2025-07-11 09:00:00,1.421,0.8884,0.1169,0.0509,23.32
2025-07-11 09:30:00,1.5812,0.7338,0.1184,0.051,21.09
2025-07-11 10:00:00,1.7252,1.0469,0.1231,0.0484,23.17
2025-07-11 10:30:00,1.8514,0.886,0.126,0.0508,25.29
2025-07-11 11:00:00,1.9586,0.6476,0.1193,0.0526,23.79
2025-07-11 11:30:00,2.0458,0.6269,0.1177,0.0456,24.72
2025-07-11 12:00:00,2.112,0.7617,0.12,0.051,23.52
2025-07-11 12:30:00,2.1564,1.0619,0.123,0.045,22.42
2025-07-11 13:00:00,2.1788,0.7802,0.1128,0.0481,23.68
2025-07-11 13:30:00,2.1788,0.6118,0.1085,0.0533,24.16
2025-07-11 14:00:00,2.1564,0.8344,0.1172,0.0488,22.48
2025-07-11 14:30:00,2.112,0.888,0.1139,0.0477,22.82
2025-07-11 15:00:00,2.0458,0.6147,0.1175,0.0496,21.42
2025-07-11 15:30:00,1.9586,1.1422,0.1193,0.0541,24.11
2025-07-11 16:00:00,1.8514,1.2913,0.3377,0.0463,21.56
2025-07-11 16:30:00,1.7252,1.6461,0.3473,0.0479,23.71
2025-07-11 17:00:00,1.5812,2.0599,0.3416,0.053,23.33
2025-07-11 17:30:00,1.421,2.1918,0.3415,0.0537,20.4
2025-07-11 18:00:00,1.2463,2.1893,0.3431,0.0498,18.49
2025-07-11 18:30:00,1.0587,2.2042,0.3343,0.0475,16.35
2025-07-11 19:00:00,0.8603,2.806,0.3452,0.0542,16.76
2025-07-11 19:30:00,0.6531,2.379,0.3396,0.0532,16.41
2025-07-11 20:00:00,0.4392,2.2317,0.3434,0.0514,20.07
2025-07-11 20:30:00,0.2207,2.0192,0.3346,0.0484,17.74
2025-07-11 21:00:00,0.0,1.8123,0.1122,0.0499,17.76
2025-07-11 21:30:00,0.0,1.52,0.1241,0.0497,13.5
2025-07-11 22:00:00,0.0,1.2399,0.1219,0.0507,14.74
2025-07-11 22:30:00,0.0,1.0683,0.1155,0.0529,17.64
2025-07-11 23:00:00,0.0,1.0143,0.1157,0.0518,16.57
2025-07-11 23:30:00,0.0,0.8474,0.1256,0.0478,15.81
2025-07-12 00:00:00,0.0,0.6931,0.1141,0.0528,16.85
2025-07-12 00:30:00,0.0,0.816,0.1282,0.0506,18.49
2025-07-12 01:00:00,0.0,0.7618,0.1155,0.0514,15.8
2025-07-12 01:30:00,0.0,1.0256,0.1232,0.0529,16.41
2025-07-12 02:00:00,0.0,0.4025,0.1184,0.0478,16.82
2025-07-12 02:30:00,0.0,0.9641,0.123,0.0499,20.41
2025-07-12 03:00:00,0.0,0.9881,0.1173,0.0489,14.02
2025-07-12 03:30:00,0.0,0.4923,0.1192,0.0469,18.59
2025-07-12 04:00:00,0.0,0.7572,0.1202,0.0507,17.83
2025-07-12 04:30:00,0.0,0.764,0.115,0.055,19.32
2025-07-12 05:00:00,0.0,0.6295,0.1237,0.0463,17.98
2025-07-12 05:30:00,0.0,0.7581,0.1174,0.0499,19.4
2025-07-12 06:00:00,0.2717,0.7567,0.1189,0.0513,21.07
2025-07-12 06:30:00,0.5406,1.2448,0.115,0.0502,25.19
2025-07-12 07:00:00,0.804,1.1806,0.1072,0.0498,22.25
2025-07-12 07:30:00,1.0592,1.2745,0.119,0.0474,20.26
2025-07-12 08:00:00,1.3034,1.2083,0.1321,0.0505,21.36
2025-07-12 08:30:00,1.5343,0.9144,0.1239,0.0485,21.75
2025-07-12 09:00:00,1.7494,0.9615,0.1199,0.0456,20.13
2025-07-12 09:30:00,1.9466,1.0554,0.1187,0.0524,22.68
2025-07-12 10:00:00,2.1238,0.7401,0.1201,0.0519,24.56
2025-07-12 10:30:00,2.2793,0.9819,0.1227,0.0501,21.78
2025-07-12 11:00:00,2.4113,0.8051,0.1141,0.0505,25.44
2025-07-12 11:30:00,2.5186,0.7649,0.1256,0.0521,24.7
2025-07-12 12:00:00,2.6,0.9188,0.1236,0.0504,22.9
2025-07-12 12:30:00,2.6548,0.8782,0.1236,0.0518,23.75
2025-07-12 13:00:00,2.6823,0.765,0.1222,0.0494,26.26
2025-07-12 13:30:00,2.6823,1.0112,0.1201,0.0526,24.8
2025-07-12 14:00:00,2.6548,0.7091,0.1234,0.0506,23.48
2025-07-12 14:30:00,2.6,1.0213,0.123,0.0504,22.82
2025-07-12 15:00:00,2.5186,1.1082,0.1182,0.0475,22.94
2025-07-12 15:30:00,2.4113,1.1039,0.1171,0.0506,21.67
2025-07-12 16:00:00,2.2793,1.3749,0.3405,0.0483,18.84
2025-07-12 16:30:00,2.1238,1.354,0.3477,0.0487,24.59
2025-07-12 17:00:00,1.9466,1.9212,0.3338,0.0484,21.27
2025-07-12 17:30:00,1.7494,1.9951,0.3327,0.0479,21.12
2025-07-12 18:00:00,1.5343,2.1512,0.3408,0.0542,19.91
2025-07-12 18:30:00,1.3034,2.5275,0.3403,0.0527,18.38
2025-07-12 19:00:00,1.0592,2.3143,0.3409,0.0538,18.69
2025-07-12 19:30:00,0.804,2.1589,0.3412,0.0476,16.07
2025-07-12 20:00:00,0.5406,1.9962,0.3389,0.0501,21.42
2025-07-12 20:30:00,0.2717,2.1137,0.3474,0.0474,15.71
2025-07-12 21:00:00,0.0,1.5905,0.112,0.0486,15.62
2025-07-12 21:30:00,0.0,1.8049,0.1159,0.0482,16.17
2025-07-12 22:00:00,0.0,1.0136,0.1195,0.0525,18.47
2025-07-12 22:30:00,0.0,1.4048,0.1118,0.0492,16.33
2025-07-12 23:00:00,0.0,1.0509,0.1191,0.0521,14.28
2025-07-12 23:30:00,0.0,0.9144,0.1283,0.0512,17.92
2025-07-13 00:00:00,0.0,0.7183,0.1201,0.0546,17.1
2025-07-13 00:30:00,0.0,0.8599,0.1212,0.047,16.84
2025-07-13 01:00:00,0.0,0.7944,0.1137,0.0525,17.21
2025-07-13 01:30:00,0.0,0.9655,0.1169,0.0523,19.9
2025-07-13 02:00:00,0.0,0.8172,0.1181,0.0481,19.81
2025-07-13 02:30:00,0.0,0.8229,0.1184,0.052,15.8
2025-07-13 03:00:00,0.0,0.7466,0.1264,0.0507,19.61
2025-07-13 03:30:00,0.0,0.7948,0.1228,0.0495,18.14
2025-07-13 04:00:00,0.0,0.8547,0.1144,0.0484,18.75
2025-07-13 04:30:00,0.0,0.5632,0.1212,0.0486,15.93
2025-07-13 05:00:00,0.0,0.6384,0.1225,0.0541,18.71
2025-07-13 05:30:00,0.0,0.9863,0.1257,0.05,18.26
2025-07-13 06:00:00,0.2701,0.949,0.1279,0.0516,21.24
2025-07-13 06:30:00,0.5374,0.9544,0.1149,0.0484,22.13
2025-07-13 07:00:00,0.7992,1.043,0.1159,0.0484,17.92
2025-07-13 07:30:00,1.0528,1.1359,0.1137,0.0522,21.5
2025-07-13 08:00:00,1.2955,1.019,0.1188,0.0473,23.68
2025-07-13 08:30:00,1.525,0.967,0.1223,0.0492,22.16
2025-07-13 09:00:00,1.7389,1.0696,0.1249,0.0501,23.92
2025-07-13 09:30:00,1.9349,0.8352,0.1196,0.0502,23.7
2025-07-13 10:00:00,2.111,0.9846,0.1184,0.0496,23.98
2025-07-13 10:30:00,2.2655,0.6196,0.1208,0.0508,23.29
2025-07-13 11:00:00,2.3967,0.9955,0.1158,0.0514,22.04
2025-07-13 11:30:00,2.5034,0.892,0.1304,0.0515,22.28
2025-07-13 12:00:00,2.5843,0.8505,0.112,0.048,25.06
2025-07-13 12:30:00,2.6388,0.959,0.1209,0.0494,23.99
2025-07-13 13:00:00,2.6661,1.069,0.1301,0.0524,23.66
2025-07-13 13:30:00,2.6661,0.9894,0.12,0.0518,23.06
2025-07-13 14:00:00,2.6388,0.5951,0.119,0.0473,23.01
2025-07-13 14:30:00,2.5843,0.737,0.1182,0.0507,24.74
2025-07-13 15:00:00,2.5034,0.9255,0.1191,0.046,22.33
2025-07-13 15:30:00,2.3967,1.1543,0.1269,0.0501,20.42
2025-07-13 16:00:00,2.2655,1.4036,0.3289,0.0538,23.12
2025-07-13 16:30:00,2.111,1.4328,0.3477,0.0481,21.22
2025-07-13 17:00:00,1.9349,1.8106,0.3329,0.0483,21.08
2025-07-13 17:30:00,1.7389,1.9095,0.3387,0.0515,22.93
2025-07-13 18:00:00,1.525,2.1379,0.3379,0.0469,19.97
2025-07-13 18:30:00,1.2955,2.1592,0.3429,0.0487,19.91
2025-07-13 19:00:00,1.0528,2.2815,0.332,0.0512,17.2
2025-07-13 19:30:00,0.7992,2.1674,0.3423,0.0487,18.14
2025-07-13 20:00:00,0.5374,2.0833,0.3501,0.0495,18.91
2025-07-13 20:30:00,0.2701,2.1809,0.3332,0.0515,15.23
2025-07-13 21:00:00,0.0,1.6402,0.1209,0.0508,17.47
2025-07-13 21:30:00,0.0,1.9365,0.1167,0.0505,16.98
2025-07-13 22:00:00,0.0,1.3999,0.1221,0.0493,16.6
2025-07-13 22:30:00,0.0,1.1781,0.1201,0.0507,17.86
2025-07-13 23:00:00,0.0,0.8905,0.1168,0.0498,16.64
2025-07-13 23:30:00,0.0,1.0339,0.1224,0.0509,18.25
2025-07-14 00:00:00,0.0,0.7137,0.129,0.049,14.51
2025-07-14 00:30:00,0.0,0.8183,0.119,0.0496,16.24
2025-07-14 01:00:00,0.0,1.184,0.1236,0.048,16.26
2025-07-14 01:30:00,0.0,0.7856,0.1135,0.0499,14.7
2025-07-14 02:00:00,0.0,0.9725,0.1152,0.0484,17.97
2025-07-14 02:30:00,0.0,0.6949,0.1224,0.0478,20.31
2025-07-14 03:00:00,0.0,0.7959,0.1274,0.0505,17.15
2025-07-14 03:30:00,0.0,1.069,0.1218,0.0504,18.32
2025-07-14 04:00:00,0.0,0.7145,0.1184,0.0516,18.13
2025-07-14 04:30:00,0.0,1.0916,0.12,0.0491,17.4
2025-07-14 05:00:00,0.0,0.9468,0.1137,0.0508,16.23
2025-07-14 05:30:00,0.0,0.7904,0.123,0.0511,18.42
2025-07-14 06:00:00,0.1897,1.0182,0.1244,0.0509,17.91
2025-07-14 06:30:00,0.3774,1.1278,0.1177,0.0483,23.08
2025-07-14 07:00:00,0.5613,1.1335,0.1176,0.0503,20.86
2025-07-14 07:30:00,0.7394,0.8483,0.1213,0.0507,21.01
2025-07-14 08:00:00,0.9099,0.9909,0.1178,0.05,23.33
2025-07-14 08:30:00,1.0711,1.0467,0.1197,0.0458,20.75
2025-07-14 09:00:00,1.2213,1.0291,0.1305,0.0503,21.68
2025-07-14 09:30:00,1.359,1.0751,0.1188,0.0544,23.28
2025-07-14 10:00:00,1.4827,0.9501,0.1182,0.0493,25.01
2025-07-14 10:30:00,1.5912,0.6747,0.1168,0.0485,24.45
2025-07-14 11:00:00,1.6834,0.8982,0.1237,0.0507,24.24
2025-07-14 11:30:00,1.7583,0.9127,0.1191,0.0506,24.08
2025-07-14 12:00:00,1.8152,0.8961,0.1168,0.0524,24.6
2025-07-14 12:30:00,1.8534,0.9737,0.1266,0.0475,24.27
2025-07-14 13:00:00,1.8726,0.9442,0.1271,0.0515,22.32
2025-07-14 13:30:00,1.8726,0.9062,0.117,0.0512,23.76
2025-07-14 14:00:00,1.8534,0.8608,0.1107,0.0497,21.85
2025-07-14 14:30:00,1.8152,0.6798,0.125,0.0507,23.3
2025-07-14 15:00:00,1.7583,1.0837,0.1166,0.0521,22.11
2025-07-14 15:30:00,1.6834,1.1815,0.124,0.0517,26.24
2025-07-14 16:00:00,1.5912,1.3667,0.3301,0.0477,21.94
2025-07-14 16:30:00,1.4827,1.3502,0.3445,0.0516,19.42
2025-07-14 17:00:00,1.359,1.6204,0.3339,0.0499,20.83
2025-07-14 17:30:00,1.2213,2.1808,0.3437,0.0501,21.3
2025-07-14 18:00:00,1.0711,2.2237,0.3401,0.0501,22.51
2025-07-14 18:30:00,0.9099,2.4724,0.3352,0.0497,18.59
2025-07-14 19:00:00,0.7394,2.4242,0.338,0.0524,16.59
2025-07-14 19:30:00,0.5613,2.3746,0.3434,0.0498,19.69
2025-07-14 20:00:00,0.3774,2.3704,0.3405,0.0478,15.93
2025-07-14 20:30:00,0.1897,1.9454,0.3429,0.0492,16.91
2025-07-14 21:00:00,0.0,1.797,0.1299,0.0504,16.79
2025-07-14 21:30:00,0.0,1.4723,0.1122,0.0525,16.72
2025-07-14 22:00:00,0.0,1.2608,0.1281,0.0512,17.57
2025-07-14 22:30:00,0.0,1.104,0.1205,0.0483,15.28
2025-07-14 23:00:00,0.0,1.0526,0.1155,0.055,15.73
2025-07-14 23:30:00,0.0,0.8571,0.1133,0.0505,16.01
2025-07-15 00:00:00,0.0,0.9884,0.1191,0.0526,16.22
2025-07-15 00:30:00,0.0,0.6658,0.1246,0.0497,16.18
2025-07-15 01:00:00,0.0,0.772,0.1194,0.0511,16.79
2025-07-15 01:30:00,0.0,0.7341,0.1276,0.0517,17.57
2025-07-15 02:00:00,0.0,1.0171,0.1127,0.0524,17.12
2025-07-15 02:30:00,0.0,0.8298,0.1199,0.0521,17.51
2025-07-15 03:00:00,0.0,0.9559,0.1137,0.0517,14.8
2025-07-15 03:30:00,0.0,0.5805,0.1218,0.0494,17.64
2025-07-15 04:00:00,0.0,0.8486,0.1244,0.0489,18.72
2025-07-15 04:30:00,0.0,0.9532,0.1179,0.0507,19.56
2025-07-15 05:00:00,0.0,0.8529,0.107,0.0519,17.93
2025-07-15 05:30:00,0.0,1.0346,0.121,0.0496,18.49
2025-07-15 06:00:00,0.2439,0.8457,0.1222,0.0521,19.14
2025-07-15 06:30:00,0.4853,1.1934,0.122,0.0529,21.33
2025-07-15 07:00:00,0.7218,1.3851,0.1262,0.0482,22.59
2025-07-15 07:30:00,0.9508,1.0294,0.1146,0.0483,20.92
2025-07-15 08:00:00,1.17,1.0332,0.1234,0.0497,23.36
2025-07-15 08:30:00,1.3773,1.3018,0.126,0.0506,22.62
2025-07-15 09:00:00,1.5704,1.2772,0.1111,0.049,22.64
2025-07-15 09:30:00,1.7474,0.9036,0.1216,0.0527,22.86
2025-07-15 10:00:00,1.9065,0.8604,0.1175,0.0508,24.58
2025-07-15 10:30:00,2.046,0.8327,0.1196,0.0501,24.18
2025-07-15 11:00:00,2.1646,0.6395,0.1217,0.0471,27.28
2025-07-15 11:30:00,2.2609,0.6834,0.1176,0.0474,22.69
2025-07-15 12:00:00,2.334,0.6615,0.1166,0.0506,24.78
2025-07-15 12:30:00,2.3832,0.6964,0.1202,0.0457,23.17
2025-07-15 13:00:00,2.4079,0.814,0.1146,0.052,22.56
2025-07-15 13:30:00,2.4079,0.8724,0.1146,0.0497,23.68
2025-07-15 14:00:00,2.3832,1.1039,0.1234,0.0565,23.67
2025-07-15 14:30:00,2.334,0.7792,0.1143,0.0546,27.55
2025-07-15 15:00:00,2.2609,1.1669,0.1233,0.0496,22.55
2025-07-15 15:30:00,2.1646,1.1183,0.1223,0.0498,20.74
2025-07-15 16:00:00,2.046,1.3185,0.3314,0.052,22.41
2025-07-15 16:30:00,1.9065,1.6429,0.3366,0.0534,18.42
2025-07-15 17:00:00,1.7474,1.6142,0.346,0.0467,20.9
2025-07-15 17:30:00,1.5704,2.0802,0.3351,0.0464,20.55
2025-07-15 18:00:00,1.3773,2.2546,0.3377,0.0488,21.19
2025-07-15 18:30:00,1.17,2.444,0.3423,0.0512,20.94
2025-07-15 19:00:00,0.9508,2.4634,0.3439,0.051,18.21
2025-07-15 19:30:00,0.7218,2.7385,0.3387,0.0521,18.24
2025-07-15 20:00:00,0.4853,2.134,0.337,0.0476,16.85
2025-07-15 20:30:00,0.2439,1.9432,0.3471,0.0454,15.87
2025-07-15 21:00:00,0.0,1.6891,0.1287,0.0517,17.64
2025-07-15 21:30:00,0.0,1.4584,0.1249,0.0483,14.92
2025-07-15 22:00:00,0.0,1.2303,0.1204,0.046,15.91
2025-07-15 22:30:00,0.0,1.3287,0.116,0.0503,14.81
2025-07-15 23:00:00,0.0,1.2323,0.1158,0.0516,16.96
2025-07-15 23:30:00,0.0,0.8433,0.1226,0.0498,18.74
2025-07-16 00:00:00,0.0,0.6751,0.1221,0.0491,14.05
2025-07-16 00:30:00,0.0,0.8707,0.127,0.0497,13.25
2025-07-16 01:00:00,0.0,0.7172,0.1233,0.0493,15.95
2025-07-16 01:30:00,0.0,0.895,0.1125,0.0473,16.33
2025-07-16 02:00:00,0.0,0.8305,0.1253,0.0486,16.86
2025-07-16 02:30:00,0.0,0.573,0.115,0.051,16.16
2025-07-16 03:00:00,0.0,1.0333,0.1181,0.0506,16.87
2025-07-16 03:30:00,0.0,1.0727,0.1213,0.0503,18.12
2025-07-16 04:00:00,0.0,0.7167,0.13,0.048,19.56
2025-07-16 04:30:00,0.0,0.7616,0.1355,0.0496,15.54
2025-07-16 05:00:00,0.0,0.8835,0.123,0.0456,18.41
2025-07-16 05:30:00,0.0,0.925,0.1191,0.0504,19.8
2025-07-16 06:00:00,0.1532,1.0221,0.1227,0.0529,18.62
2025-07-16 06:30:00,0.3048,1.2835,0.1244,0.0471,23.12
2025-07-16 07:00:00,0.4533,1.0137,0.1184,0.0488,20.08
2025-07-16 07:30:00,0.5971,0.964,0.129,0.0507,21.47
2025-07-16 08:00:00,0.7348,0.8931,0.1212,0.0525,22.83
2025-07-16 08:30:00,0.865,0.9742,0.1225,0.0491,21.55
2025-07-16 09:00:00,0.9863,1.0353,0.1233,0.0486,20.06
2025-07-16 09:30:00,1.0974,1.2512,0.1221,0.0461,22.53
2025-07-16 10:00:00,1.1974,0.8458,0.1242,0.0502,25.01
2025-07-16 10:30:00,1.285,0.9086,0.1169,0.0541,23.19
2025-07-16 11:00:00,1.3594,0.8387,0.1172,0.0506,22.59
2025-07-16 11:30:00,1.4199,0.9994,0.1145,0.05,25.35
2025-07-16 12:00:00,1.4658,1.1912,0.1222,0.0506,23.5
2025-07-16 12:30:00,1.4967,0.7319,0.1239,0.05,23.2
2025-07-16 13:00:00,1.5122,0.7457,0.1223,0.0484,24.09
2025-07-16 13:30:00,1.5122,0.9939,0.1284,0.0516,24.85
2025-07-16 14:00:00,1.4967,0.9736,0.12,0.0505,27.04
2025-07-16 14:30:00,1.4658,1.2059,0.1233,0.05,24.41
2025-07-16 15:00:00,1.4199,1.1068,0.1145,0.048,24.57
2025-07-16 15:30:00,1.3594,1.0965,0.1181,0.0526,21.68
2025-07-16 16:00:00,1.285,1.4145,0.3435,0.0513,20.46
2025-07-16 16:30:00,1.1974,1.708,0.3442,0.0489,21.62
2025-07-16 17:00:00,1.0974,1.9057,0.3385,0.052,21.2
2025-07-16 17:30:00,0.9863,2.0989,0.3396,0.049,18.9
2025-07-16 18:00:00,0.865,2.3896,0.3324,0.0484,19.74
2025-07-16 18:30:00,0.7348,2.5456,0.3382,0.0485,20.08
2025-07-16 19:00:00,0.5971,2.6273,0.3445,0.0465,19.51
2025-07-16 19:30:00,0.4533,2.4675,0.3429,0.0509,19.23
2025-07-16 20:00:00,0.3048,2.2046,0.3425,0.0463,18.44
2025-07-16 20:30:00,0.1532,2.0448,0.3402,0.0475,16.8
2025-07-16 21:00:00,0.0,1.9636,0.12,0.0458,16.4
2025-07-16 21:30:00,0.0,1.4191,0.1167,0.0498,15.03
2025-07-16 22:00:00,0.0,1.3812,0.1235,0.0497,19.21
2025-07-16 22:30:00,0.0,1.0913,0.1221,0.0493,16.32
2025-07-16 23:00:00,0.0,1.0236,0.1225,0.0479,15.8
2025-07-16 23:30:00,0.0,1.1207,0.1174,0.0477,14.64
2025-07-17 00:00:00,0.0,0.8287,0.1092,0.0509,20.4
2025-07-17 00:30:00,0.0,0.807,0.1255,0.0489,14.42
2025-07-17 01:00:00,0.0,0.596,0.1176,0.0506,15.49
2025-07-17 01:30:00,0.0,0.912,0.1157,0.0482,16.93
2025-07-17 02:00:00,0.0,0.8969,0.1235,0.0504,17.44
2025-07-17 02:30:00,0.0,1.1248,0.118,0.0526,18.26
2025-07-17 03:00:00,0.0,0.755,0.1253,0.0512,19.88
2025-07-17 03:30:00,0.0,0.8362,0.1231,0.0492,18.32
2025-07-17 04:00:00,0.0,0.846,0.1234,0.0505,16.42
2025-07-17 04:30:00,0.0,1.0563,0.1132,0.0495,18.08
2025-07-17 05:00:00,0.0,0.8263,0.1261,0.05,19.43
2025-07-17 05:30:00,0.0,0.9167,0.1213,0.0493,22.58
2025-07-17 06:00:00,0.3121,1.0145,0.1182,0.0497,17.9
2025-07-17 06:30:00,0.6209,1.01,0.1207,0.0504,22.33
2025-07-17 07:00:00,0.9234,0.9733,0.1111,0.048,21.31
2025-07-17 07:30:00,1.2164,1.1129,0.122,0.048,22.79
2025-07-17 08:00:00,1.497,1.261,0.1149,0.0472,21.85
2025-07-17 08:30:00,1.7621,0.9298,0.1132,0.0468,21.17
2025-07-17 09:00:00,2.0092,1.0602,0.1124,0.0476,23.95
2025-07-17 09:30:00,2.2357,0.877,0.1256,0.0503,24.16
2025-07-17 10:00:00,2.4392,1.1027,0.1169,0.0482,24.92
2025-07-17 10:30:00,2.6177,0.6465,0.1277,0.051,23.68
2025-07-17 11:00:00,2.7694,0.7573,0.1173,0.0501,22.96
2025-07-17 11:30:00,2.8926,0.8777,0.1115,0.0461,21.63
2025-07-17 12:00:00,2.9861,1.0469,0.1144,0.0513,25.23
2025-07-17 12:30:00,3.049,0.8017,0.1262,0.0516,24.6
2025-07-17 13:00:00,3.0807,0.7359,0.1192,0.048,22.42
2025-07-17 13:30:00,3.0807,1.1195,0.1173,0.0508,22.89
2025-07-17 14:00:00,3.049,0.6541,0.1208,0.0483,22.76
2025-07-17 14:30:00,2.9861,0.5991,0.1225,0.0502,20.95
2025-07-17 15:00:00,2.8926,1.0853,0.1256,0.0475,21.6
2025-07-17 15:30:00,2.7694,1.075,0.1272,0.0464,20.73
2025-07-17 16:00:00,2.6177,1.1728,0.3382,0.0492,21.38
2025-07-17 16:30:00,2.4392,1.6479,0.3334,0.0498,20.42
2025-07-17 17:00:00,2.2357,1.8191,0.3379,0.0492,18.59
2025-07-17 17:30:00,2.0092,1.9382,0.3413,0.0476,23.56
2025-07-17 18:00:00,1.7621,2.0376,0.3352,0.0492,21.88
2025-07-17 18:30:00,1.497,2.501,0.3352,0.0505,18.31
2025-07-17 19:00:00,1.2164,2.5175,0.3417,0.0499,19.37
2025-07-17 19:30:00,0.9234,2.3553,0.3398,0.0504,19.1
2025-07-17 20:00:00,0.6209,2.5066,0.3402,0.0487,19.79
2025-07-17 20:30:00,0.3121,1.8623,0.3362,0.0523,16.34
2025-07-17 21:00:00,0.0,1.5538,0.1188,0.0476,18.81
2025-07-17 21:30:00,0.0,1.4379,0.1154,0.051,16.0
2025-07-17 22:00:00,0.0,1.3191,0.1245,0.0524,14.53
2025-07-17 22:30:00,0.0,1.1869,0.1252,0.051,17.39
2025-07-17 23:00:00,0.0,0.9831,0.1108,0.0496,18.07
2025-07-17 23:30:00,0.0,0.9817,0.1154,0.0489,19.92
2025-07-18 00:00:00,0.0,0.6123,0.1125,0.0521,14.2
2025-07-18 00:30:00,0.0,1.0166,0.1167,0.0472,17.08
2025-07-18 01:00:00,0.0,0.7877,0.1196,0.0481,15.52
2025-07-18 01:30:00,0.0,0.9676,0.1128,0.0492,17.48
2025-07-18 02:00:00,0.0,0.8515,0.1154,0.0525,14.33
2025-07-18 02:30:00,0.0,0.8689,0.115,0.0508,14.93
2025-07-18 03:00:00,0.0,0.8866,0.121,0.0481,16.01
2025-07-18 03:30:00,0.0,0.8705,0.1203,0.0494,17.68
2025-07-18 04:00:00,0.0,0.905,0.1164,0.0488,17.04
2025-07-18 04:30:00,0.0,1.0191,0.1209,0.0486,19.46
2025-07-18 05:00:00,0.0,0.8701,0.1173,0.052,20.51
2025-07-18 05:30:00,0.0,0.9812,0.1186,0.0473,20.38
2025-07-18 06:00:00,0.3734,0.9099,0.1284,0.0532,22.43
2025-07-18 06:30:00,0.743,1.198,0.1267,0.0517,21.15
2025-07-18 07:00:00,1.1049,0.9388,0.1135,0.0522,19.21
2025-07-18 07:30:00,1.4555,1.3539,0.1241,0.0491,23.58
2025-07-18 08:00:00,1.7912,1.094,0.1241,0.0497,21.09
2025-07-18 08:30:00,2.1085,0.8692,0.1143,0.0471,23.8
2025-07-18 09:00:00,2.4041,1.0594,0.1241,0.049,25.19
2025-07-18 09:30:00,2.6751,0.8798,0.1277,0.051,23.86
2025-07-18 10:00:00,2.9187,1.0495,0.1144,0.0526,21.22
2025-07-18 10:30:00,3.1322,0.7771,0.1154,0.0478,22.32
2025-07-18 11:00:00,3.3137,0.7742,0.1251,0.0493,25.85
2025-07-18 11:30:00,3.4611,0.5377,0.1214,0.0497,23.71
2025-07-18 12:00:00,3.5731,0.7443,0.1228,0.0472,24.12
2025-07-18 12:30:00,3.6483,0.448,0.1217,0.0512,25.1
2025-07-18 13:00:00,3.6861,0.5816,0.122,0.0486,24.91
2025-07-18 13:30:00,3.6861,0.9513,0.1134,0.0496,24.11
2025-07-18 14:00:00,3.6483,0.9891,0.1252,0.0491,23.15
2025-07-18 14:30:00,3.5731,0.9927,0.1258,0.0484,22.7
2025-07-18 15:00:00,3.4611,0.8742,0.1189,0.05,24.12
2025-07-18 15:30:00,3.3137,1.1432,0.1198,0.0496,23.27
2025-07-18 16:00:00,3.1322,1.3254,0.3323,0.0493,21.61
2025-07-18 16:30:00,2.9187,1.3679,0.3426,0.0485,23.15
2025-07-18 17:00:00,2.6751,2.0081,0.3429,0.0506,20.84
2025-07-18 17:30:00,2.4041,2.1544,0.3397,0.0533,19.24
2025-07-18 18:00:00,2.1085,2.1965,0.3456,0.0503,18.86
2025-07-18 18:30:00,1.7912,2.3742,0.3383,0.052,18.01
2025-07-18 19:00:00,1.4555,2.4513,0.3428,0.0472,18.56
2025-07-18 19:30:00,1.1049,2.0639,0.3349,0.0503,20.32
2025-07-18 20:00:00,0.743,2.1926,0.3399,0.0478,16.79
2025-07-18 20:30:00,0.3734,1.9205,0.3391,0.047,17.85
2025-07-18 21:00:00,0.0,1.6323,0.1211,0.0485,16.19
2025-07-18 21:30:00,0.0,1.4995,0.1182,0.0524,16.44
2025-07-18 22:00:00,0.0,1.5956,0.1193,0.0519,14.27
2025-07-18 22:30:00,0.0,1.2465,0.1241,0.0505,15.97
2025-07-18 23:00:00,0.0,0.9336,0.1178,0.0469,15.85
2025-07-18 23:30:00,0.0,1.0148,0.112,0.0496,16.84
2025-07-19 00:00:00,0.0,1.0099,0.1287,0.0506,16.33
2025-07-19 00:30:00,0.0,0.9387,0.1269,0.0504,14.24
2025-07-19 01:00:00,0.0,0.809,0.1135,0.0463,17.76
2025-07-19 01:30:00,0.0,0.703,0.1234,0.0482,16.62
2025-07-19 02:00:00,0.0,0.9048,0.1175,0.0499,16.83
2025-07-19 02:30:00,0.0,0.8594,0.1213,0.0511,16.81
2025-07-19 03:00:00,0.0,0.9354,0.1215,0.0456,16.39
2025-07-19 03:30:00,0.0,0.8986,0.1188,0.0497,17.89
2025-07-19 04:00:00,0.0,0.966,0.1161,0.0503,18.71
2025-07-19 04:30:00,0.0,0.7394,0.1165,0.0517,15.85
2025-07-19 05:00:00,0.0,1.0382,0.1154,0.0514,18.16
2025-07-19 05:30:00,0.0,0.9044,0.1158,0.0512,19.1
2025-07-19 06:00:00,0.3273,1.2346,0.1197,0.0484,20.38
2025-07-19 06:30:00,0.6511,0.8786,0.1164,0.0462,22.31
2025-07-19 07:00:00,0.9684,1.3006,0.1234,0.0492,19.88
2025-07-19 07:30:00,1.2756,1.1135,0.1274,0.052,20.78
2025-07-19 08:00:00,1.5698,1.0023,0.1171,0.0528,21.23
2025-07-19 08:30:00,1.8479,1.0112,0.1212,0.0514,21.23
2025-07-19 09:00:00,2.107,0.9922,0.1225,0.0509,22.31
2025-07-19 09:30:00,2.3445,1.0456,0.1224,0.0508,24.33
2025-07-19 10:00:00,2.5579,1.0018,0.1204,0.0489,21.88
2025-07-19 10:30:00,2.7451,0.7889,0.1237,0.0497,24.34
2025-07-19 11:00:00,2.9042,0.8375,0.1224,0.0533,21.31
2025-07-19 11:30:00,3.0334,1.1425,0.1138,0.0481,23.12
2025-07-19 12:00:00,3.1315,1.0712,0.1243,0.0532,23.51
2025-07-19 12:30:00,3.1974,0.877,0.1244,0.0494,26.48
2025-07-19 13:00:00,3.2306,0.8249,0.1162,0.0527,23.45
2025-07-19 13:30:00,3.2306,0.8553,0.1202,0.0472,20.39
2025-07-19 14:00:00,3.1974,0.9633,0.1234,0.0512,20.47
2025-07-19 14:30:00,3.1315,0.7755,0.119,0.0485,23.22
2025-07-19 15:00:00,3.0334,0.9806,0.1254,0.0472,23.75
2025-07-19 15:30:00,2.9042,0.9001,0.1318,0.0504,23.0
2025-07-19 16:00:00,2.7451,1.3858,0.3361,0.052,22.25
2025-07-19 16:30:00,2.5579,1.6388,0.3331,0.0483,23.27
2025-07-19 17:00:00,2.3445,1.7101,0.3415,0.047,20.23
2025-07-19 17:30:00,2.107,2.2589,0.3436,0.0498,21.86
2025-07-19 18:00:00,1.8479,2.0458,0.3388,0.0498,17.55
2025-07-19 18:30:00,1.5698,2.1505,0.3473,0.0511,18.12
2025-07-19 19:00:00,1.2756,2.4537,0.3333,0.0519,16.25
2025-07-19 19:30:00,0.9684,2.5272,0.3435,0.0499,18.06
2025-07-19 20:00:00,0.6511,2.4822,0.337,0.0537,17.93
2025-07-19 20:30:00,0.3273,1.954,0.3486,0.0504,17.74
2025-07-19 21:00:00,0.0,1.9444,0.13,0.0493,17.26
2025-07-19 21:30:00,0.0,1.5359,0.1162,0.0468,15.44
2025-07-19 22:00:00,0.0,1.3,0.1173,0.0495,16.25
2025-07-19 22:30:00,0.0,1.2829,0.1243,0.0493,14.06
2025-07-19 23:00:00,0.0,1.1171,0.1181,0.0519,18.18
2025-07-19 23:30:00,0.0,0.6924,0.1198,0.0509,15.58
2025-07-20 00:00:00,0.0,1.0215,0.1201,0.0476,15.27
2025-07-20 00:30:00,0.0,1.007,0.1104,0.0503,18.42
2025-07-20 01:00:00,0.0,0.7062,0.1199,0.0513,14.27
2025-07-20 01:30:00,0.0,0.8594,0.1166,0.0531,14.62
2025-07-20 02:00:00,0.0,0.8742,0.1175,0.0518,14.89
2025-07-20 02:30:00,0.0,0.8395,0.1272,0.0515,16.72
2025-07-20 03:00:00,0.0,0.7186,0.1137,0.0501,17.82
2025-07-20 03:30:00,0.0,0.7026,0.1241,0.0508,18.67
2025-07-20 04:00:00,0.0,0.8047,0.1186,0.0525,21.86
2025-07-20 04:30:00,0.0,0.9956,0.1186,0.0473,15.1
2025-07-20 05:00:00,0.0,0.9221,0.124,0.0493,19.88
2025-07-20 05:30:00,0.0,0.8192,0.1217,0.0485,18.64
2025-07-20 06:00:00,0.2347,1.0391,0.1229,0.0508,19.12
2025-07-20 06:30:00,0.4669,0.5547,0.1248,0.0525,19.59
2025-07-20 07:00:00,0.6944,1.2125,0.1183,0.0488,19.67
2025-07-20 07:30:00,0.9147,0.8228,0.1169,0.0452,24.06
2025-07-20 08:00:00,1.1256,1.0456,0.1146,0.0492,23.26
2025-07-20 08:30:00,1.325,0.9158,0.1159,0.0518,22.47
2025-07-20 09:00:00,1.5108,0.846,0.1347,0.0511,24.85
2025-07-20 09:30:00,1.6811,1.1561,0.1262,0.0509,20.9
2025-07-20 10:00:00,1.8342,0.8532,0.1132,0.0494,21.47
2025-07-20 10:30:00,1.9684,0.927,0.1134,0.0474,20.43
2025-07-20 11:00:00,2.0824,0.8341,0.1224,0.051,22.81
2025-07-20 11:30:00,2.1751,0.8927,0.1227,0.0483,24.21
2025-07-20 12:00:00,2.2454,0.8236,0.1227,0.0544,24.15
2025-07-20 12:30:00,2.2927,0.6191,0.1187,0.0511,24.19
2025-07-20 13:00:00,2.3165,0.9686,0.1194,0.0488,21.75
2025-07-20 13:30:00,2.3165,0.7632,0.1216,0.0488,24.9
2025-07-20 14:00:00,2.2927,0.6378,0.1204,0.0498,23.82
2025-07-20 14:30:00,2.2454,0.8647,0.1089,0.0495,24.27
2025-07-20 15:00:00,2.1751,1.2444,0.1189,0.0522,19.99
2025-07-20 15:30:00,2.0824,1.2779,0.1157,0.0504,22.9
2025-07-20 16:00:00,1.9684,1.2736,0.3409,0.0485,20.22
2025-07-20 16:30:00,1.8342,1.4893,0.3549,0.0538,20.93
2025-07-20 17:00:00,1.6811,1.7343,0.3418,0.0501,21.84
2025-07-20 17:30:00,1.5108,2.3344,0.3384,0.0515,20.66
2025-07-20 18:00:00,1.325,2.2869,0.3446,0.0488,18.72
2025-07-20 18:30:00,1.1256,2.4347,0.3424,0.0507,19.49
2025-07-20 19:00:00,0.9147,2.5745,0.3421,0.0506,16.67
2025-07-20 19:30:00,0.6944,2.406,0.343,0.0462,20.19
2025-07-20 20:00:00,0.4669,2.1908,0.3503,0.054,17.69
2025-07-20 20:30:00,0.2347,1.9934,0.3343,0.0526,19.24
2025-07-20 21:00:00,0.0,1.7718,0.1224,0.0492,16.38
2025-07-20 21:30:00,0.0,1.5361,0.1154,0.0478,16.04
2025-07-20 22:00:00,0.0,1.4351,0.1228,0.0507,15.39
2025-07-20 22:30:00,0.0,1.1581,0.1154,0.0502,17.62
2025-07-20 23:00:00,0.0,1.1291,0.1179,0.0507,15.07
2025-07-20 23:30:00,0.0,0.9168,0.1185,0.0504,17.0
2025-07-21 00:00:00,0.0,0.8118,0.1249,0.051,15.43
2025-07-21 00:30:00,0.0,0.5003,0.1246,0.0529,13.07
2025-07-21 01:00:00,0.0,0.9375,0.1138,0.0511,15.28
2025-07-21 01:30:00,0.0,0.852,0.1203,0.0479,14.54
2025-07-21 02:00:00,0.0,0.9498,0.1165,0.0527,16.59
2025-07-21 02:30:00,0.0,0.3659,0.1137,0.0533,15.04
2025-07-21 03:00:00,0.0,1.1144,0.1189,0.0563,18.56
2025-07-21 03:30:00,0.0,0.7824,0.1185,0.0478,17.43
2025-07-21 04:00:00,0.0,0.9748,0.1321,0.0505,17.73
2025-07-21 04:30:00,0.0,0.6637,0.1222,0.0458,19.45
2025-07-21 05:00:00,0.0,0.9325,0.1131,0.0511,20.41
2025-07-21 05:30:00,0.0,0.7168,0.1172,0.0489,19.45
2025-07-21 06:00:00,0.3009,0.8298,0.1251,0.0538,18.84
2025-07-21 06:30:00,0.5987,1.2691,0.1304,0.0485,17.86
2025-07-21 07:00:00,0.8903,1.0116,0.1121,0.0466,20.01
2025-07-21 07:30:00,1.1728,1.1164,0.1106,0.0491,20.6
2025-07-21 08:00:00,1.4433,1.2305,0.1294,0.046,22.16
2025-07-21 08:30:00,1.6989,1.1581,0.1219,0.0515,21.92
2025-07-21 09:00:00,1.9372,1.0628,0.1157,0.0459,23.86
2025-07-21 09:30:00,2.1555,1.0367,0.1227,0.0501,22.25
2025-07-21 10:00:00,2.3517,1.2839,0.1068,0.0458,23.38
2025-07-21 10:30:00,2.5238,0.8664,0.12,0.0494,25.47
2025-07-21 11:00:00,2.67,0.8713,0.1216,0.0533,24.38
2025-07-21 11:30:00,2.7888,0.9787,0.1246,0.0507,23.88
2025-07-21 12:00:00,2.879,0.9779,0.1149,0.0483,23.1
2025-07-21 12:30:00,2.9397,0.9896,0.1204,0.0499,23.02
2025-07-21 13:00:00,2.9702,0.915,0.1154,0.05,22.59
2025-07-21 13:30:00,2.9702,0.6658,0.1213,0.0509,22.88
2025-07-21 14:00:00,2.9397,1.1163,0.1155,0.0473,24.6
2025-07-21 14:30:00,2.879,0.757,0.118,0.0512,22.84
2025-07-21 15:00:00,2.7888,1.0646,0.115,0.0446,20.8
2025-07-21 15:30:00,2.67,1.0372,0.1233,0.0487,25.09
2025-07-21 16:00:00,2.5238,1.3163,0.3443,0.049,22.48
2025-07-21 16:30:00,2.3517,1.591,0.3388,0.0513,19.42
2025-07-21 17:00:00,2.1555,1.8308,0.3402,0.05,20.37
2025-07-21 17:30:00,1.9372,2.0861,0.3328,0.0472,20.69
2025-07-21 18:00:00,1.6989,2.4717,0.3385,0.048,22.56
2025-07-21 18:30:00,1.4433,2.4382,0.3397,0.0504,17.82
2025-07-21 19:00:00,1.1728,2.3834,0.3531,0.0498,20.43
2025-07-21 19:30:00,0.8903,2.5148,0.3344,0.0488,20.57
2025-07-21 20:00:00,0.5987,2.4081,0.3473,0.049,17.06
2025-07-21 20:30:00,0.3009,1.8387,0.345,0.0514,17.15
2025-07-21 21:00:00,0.0,1.8722,0.1214,0.049,15.62
2025-07-21 21:30:00,0.0,1.6469,0.1288,0.0498,16.52
2025-07-21 22:00:00,0.0,1.2813,0.1219,0.0543,16.48
2025-07-21 22:30:00,0.0,1.3567,0.1219,0.0472,17.29
2025-07-21 23:00:00,0.0,0.9967,0.1197,0.0463,17.77
2025-07-21 23:30:00,0.0,0.9477,0.1261,0.0516,14.91
2025-07-22 00:00:00,0.0,0.774,0.1255,0.0486,13.05
2025-07-22 00:30:00,0.0,0.8023,0.1169,0.0494,16.0
2025-07-22 01:00:00,0.0,0.6356,0.1134,0.0484,16.58
2025-07-22 01:30:00,0.0,0.584,0.119,0.0495,16.68
2025-07-22 02:00:00,0.0,1.0393,0.116,0.0532,16.05
2025-07-22 02:30:00,0.0,0.6733,0.1197,0.0516,17.01
2025-07-22 03:00:00,0.0,0.6525,0.1262,0.0517,19.44
2025-07-22 03:30:00,0.0,0.4803,0.1177,0.0472,18.14
2025-07-22 04:00:00,0.0,0.7127,0.1198,0.0477,17.44
2025-07-22 04:30:00,0.0,0.6213,0.1203,0.0443,17.72
2025-07-22 05:00:00,0.0,1.0869,0.1242,0.0484,18.71
2025-07-22 05:30:00,0.0,1.0263,0.1088,0.0519,21.93
2025-07-22 06:00:00,0.4047,0.8201,0.117,0.051,19.73
2025-07-22 06:30:00,0.8052,1.3198,0.1211,0.0496,20.49
2025-07-22 07:00:00,1.1975,1.1875,0.126,0.05,20.31
2025-07-22 07:30:00,1.5774,1.0351,0.1175,0.0486,23.18
2025-07-22 08:00:00,1.9412,0.7251,0.1106,0.0504,24.94
2025-07-22 08:30:00,2.2851,1.4274,0.1231,0.0515,23.11
2025-07-22 09:00:00,2.6055,0.8318,0.1168,0.0468,22.95
2025-07-22 09:30:00,2.8992,0.7352,0.1141,0.0506,23.23
2025-07-22 10:00:00,3.1631,1.0768,0.1169,0.0519,19.89
2025-07-22 10:30:00,3.3946,1.241,0.1191,0.0492,24.81
2025-07-22 11:00:00,3.5912,1.0488,0.117,0.0514,24.06
2025-07-22 11:30:00,3.751,0.9057,0.109,0.0556,24.61
2025-07-22 12:00:00,3.8723,0.9013,0.1245,0.0498,22.93
2025-07-22 12:30:00,3.9539,0.9396,0.1264,0.0508,23.39
2025-07-22 13:00:00,3.9949,0.933,0.1233,0.0485,23.25
2025-07-22 13:30:00,3.9949,0.8795,0.1143,0.0504,25.23
2025-07-22 14:00:00,3.9539,0.8869,0.119,0.0509,22.9
2025-07-22 14:30:00,3.8723,0.9195,0.12,0.0504,26.3
2025-07-22 15:00:00,3.751,0.9062,0.123,0.048,23.47
2025-07-22 15:30:00,3.5912,1.1082,0.1233,0.0504,20.52
2025-07-22 16:00:00,3.3946,1.072,0.3363,0.0529,21.81
2025-07-22 16:30:00,3.1631,1.5269,0.3404,0.0509,20.55
2025-07-22 17:00:00,2.8992,1.6343,0.3423,0.0519,17.74
2025-07-22 17:30:00,2.6055,1.8573,0.3473,0.0495,22.92
2025-07-22 18:00:00,2.2851,2.2566,0.3435,0.0515,21.05
2025-07-22 18:30:00,1.9412,2.579,0.3439,0.0506,20.28
2025-07-22 19:00:00,1.5774,2.5577,0.3404,0.0481,19.21
2025-07-22 19:30:00,1.1975,2.1346,0.3471,0.0506,16.4
2025-07-22 20:00:00,0.8052,2.0812,0.342,0.048,17.27
2025-07-22 20:30:00,0.4047,2.164,0.3357,0.0487,18.83
2025-07-22 21:00:00,0.0,1.6352,0.127,0.0504,15.59
2025-07-22 21:30:00,0.0,1.508,0.1235,0.0506,13.03
2025-07-22 22:00:00,0.0,1.4084,0.1178,0.0476,16.2
2025-07-22 22:30:00,0.0,1.0051,0.1176,0.0521,16.09
2025-07-22 23:00:00,0.0,1.035,0.1215,0.0511,16.34
2025-07-22 23:30:00,0.0,0.7288,0.1223,0.0486,17.13
2025-07-23 00:00:00,0.0,0.7098,0.121,0.0469,16.96
2025-07-23 00:30:00,0.0,0.848,0.1216,0.0497,16.42
2025-07-23 01:00:00,0.0,0.5611,0.1285,0.0491,17.93
2025-07-23 01:30:00,0.0,0.8661,0.1254,0.0502,14.03
2025-07-23 02:00:00,0.0,0.7972,0.121,0.0493,17.29
2025-07-23 02:30:00,0.0,0.8832,0.1247,0.046,17.77
2025-07-23 03:00:00,0.0,0.8347,0.1148,0.0492,15.31
2025-07-23 03:30:00,0.0,1.008,0.122,0.0494,15.31
2025-07-23 04:00:00,0.0,0.8274,0.129,0.0513,16.88
2025-07-23 04:30:00,0.0,0.7553,0.1189,0.0486,17.48
2025-07-23 05:00:00,0.0,0.8589,0.1158,0.0534,20.09
2025-07-23 05:30:00,0.0,0.9563,0.1167,0.0462,18.56
2025-07-23 06:00:00,0.3918,0.9307,0.1146,0.0526,18.72
2025-07-23 06:30:00,0.7796,0.988,0.1161,0.0496,19.6
2025-07-23 07:00:00,1.1594,0.9349,0.1181,0.0517,22.71
2025-07-23 07:30:00,1.5273,0.9844,0.113,0.0502,21.55
2025-07-23 08:00:00,1.8796,0.8896,0.1201,0.0523,21.73
2025-07-23 08:30:00,2.2125,1.3462,0.1245,0.0492,22.27
2025-07-23 09:00:00,2.5228,0.8536,0.1155,0.0478,24.77
2025-07-23 09:30:00,2.8071,0.878,0.1276,0.0528,22.05
2025-07-23 10:00:00,3.0627,0.8156,0.1226,0.0498,25.44
2025-07-23 10:30:00,3.2868,1.0092,0.1252,0.0504,24.01
2025-07-23 11:00:00,3.4772,0.7969,0.1167,0.0525,23.62
2025-07-23 11:30:00,3.6319,1.0083,0.1243,0.0479,27.72
2025-07-23 12:00:00,3.7493,0.7111,0.1145,0.0512,22.42
2025-07-23 12:30:00,3.8283,0.8534,0.1245,0.0488,23.44
2025-07-23 13:00:00,3.868,0.6939,0.1209,0.0497,22.02
2025-07-23 13:30:00,3.868,1.1591,0.1228,0.0501,25.12
2025-07-23 14:00:00,3.8283,0.6931,0.1141,0.047,26.0
2025-07-23 14:30:00,3.7493,0.9754,0.1155,0.0484,25.68
2025-07-23 15:00:00,3.6319,1.1143,0.123,0.0527,24.66
2025-07-23 15:30:00,3.4772,1.2124,0.1153,0.0518,22.14
2025-07-23 16:00:00,3.2868,1.2981,0.3423,0.0499,21.45
2025-07-23 16:30:00,3.0627,1.5222,0.3332,0.0505,19.02
2025-07-23 17:00:00,2.8071,1.7892,0.3442,0.0494,24.09
2025-07-23 17:30:00,2.5228,2.0008,0.3338,0.0527,21.23
2025-07-23 18:00:00,2.2125,2.3742,0.3428,0.0496,19.26
2025-07-23 18:30:00,1.8796,2.7017,0.3431,0.0505,21.47
2025-07-23 19:00:00,1.5273,2.3364,0.3365,0.0523,17.51
2025-07-23 19:30:00,1.1594,2.1647,0.3429,0.0484,19.08
2025-07-23 20:00:00,0.7796,2.2164,0.3413,0.0531,17.74
2025-07-23 20:30:00,0.3918,2.4098,0.3373,0.0469,18.52
2025-07-23 21:00:00,0.0,1.662,0.115,0.0533,17.08
2025-07-23 21:30:00,0.0,1.7876,0.1102,0.0493,14.65
2025-07-23 22:00:00,0.0,1.5776,0.1217,0.0495,16.65
2025-07-23 22:30:00,0.0,1.0673,0.1122,0.0462,17.88
2025-07-23 23:00:00,0.0,1.1046,0.1205,0.0491,16.09
2025-07-23 23:30:00,0.0,1.1731,0.1187,0.0479,17.2
2025-07-24 00:00:00,0.0,0.7431,0.1234,0.0488,14.43
2025-07-24 00:30:00,0.0,0.7695,0.1185,0.0497,15.99
2025-07-24 01:00:00,0.0,0.7128,0.1184,0.0519,15.2
2025-07-24 01:30:00,0.0,0.6478,0.1237,0.0504,17.42
2025-07-24 02:00:00,0.0,0.7027,0.1217,0.0506,16.58
2025-07-24 02:30:00,0.0,0.6168,0.1216,0.0478,17.86
2025-07-24 03:00:00,0.0,0.8063,0.1223,0.0482,18.8
2025-07-24 03:30:00,0.0,0.6878,0.1123,0.0536,18.6
2025-07-24 04:00:00,0.0,0.8436,0.1238,0.0485,18.41
2025-07-24 04:30:00,0.0,0.5863,0.1231,0.0533,16.97
2025-07-24 05:00:00,0.0,0.8902,0.1149,0.0495,18.96
2025-07-24 05:30:00,0.0,0.9998,0.1188,0.05,18.68
2025-07-24 06:00:00,0.2546,0.6243,0.1198,0.0521,19.48
2025-07-24 06:30:00,0.5066,1.0381,0.1193,0.0525,19.96
2025-07-24 07:00:00,0.7534,1.2244,0.1217,0.0498,19.57
2025-07-24 07:30:00,0.9925,0.9023,0.1272,0.0492,18.59
2025-07-24 08:00:00,1.2214,1.3509,0.1254,0.0499,21.0
2025-07-24 08:30:00,1.4377,1.1466,0.1134,0.0507,22.73
2025-07-24 09:00:00,1.6393,0.9345,0.1231,0.0518,20.81
2025-07-24 09:30:00,1.8241,0.9736,0.1266,0.05,23.2
2025-07-24 10:00:00,1.9901,1.0071,0.1219,0.0512,26.31
2025-07-24 10:30:00,2.1358,0.8864,0.1255,0.0533,25.23
2025-07-24 11:00:00,2.2595,0.922,0.1301,0.0508,26.33
2025-07-24 11:30:00,2.36,0.683,0.1251,0.0506,24.55
2025-07-24 12:00:00,2.4364,0.8375,0.1212,0.047,25.75
2025-07-24 12:30:00,2.4877,0.5995,0.1252,0.0447,22.88
2025-07-24 13:00:00,2.5135,0.8025,0.1207,0.0508,22.9
2025-07-24 13:30:00,2.5135,0.7017,0.1201,0.0498,19.59
2025-07-24 14:00:00,2.4877,0.7609,0.1182,0.049,25.24
2025-07-24 14:30:00,2.4364,1.1143,0.1278,0.0505,25.48
2025-07-24 15:00:00,2.36,1.1829,0.1159,0.0499,22.0
2025-07-24 15:30:00,2.2595,1.2417,0.1277,0.0523,22.05
2025-07-24 16:00:00,2.1358,1.1621,0.3425,0.0502,20.87
2025-07-24 16:30:00,1.9901,1.4942,0.333,0.0485,22.1
2025-07-24 17:00:00,1.8241,1.9645,0.3418,0.052,22.72
2025-07-24 17:30:00,1.6393,2.0441,0.3295,0.0496,17.91
2025-07-24 18:00:00,1.4377,2.5775,0.3431,0.0511,20.61
2025-07-24 18:30:00,1.2214,2.4292,0.3444,0.049,19.06
2025-07-24 19:00:00,0.9925,2.4488,0.337,0.0487,19.13
2025-07-24 19:30:00,0.7534,2.3238,0.3406,0.0502,19.16
2025-07-24 20:00:00,0.5066,2.2497,0.3498,0.05,17.72
2025-07-24 20:30:00,0.2546,2.0,0.3375,0.051,17.41
2025-07-24 21:00:00,0.0,1.8888,0.1147,0.0495,16.85
2025-07-24 21:30:00,0.0,1.6852,0.1274,0.0463,18.28
2025-07-24 22:00:00,0.0,1.208,0.1298,0.0491,17.16
2025-07-24 22:30:00,0.0,0.9507,0.12,0.0516,16.64
2025-07-24 23:00:00,0.0,0.7438,0.1251,0.0494,14.23
2025-07-24 23:30:00,0.0,1.0051,0.1267,0.0495,15.47
2025-07-25 00:00:00,0.0,0.6345,0.1163,0.052,17.35
2025-07-25 00:30:00,0.0,0.4771,0.1176,0.0486,16.09
2025-07-25 01:00:00,0.0,0.8583,0.1262,0.0469,17.13
2025-07-25 01:30:00,0.0,1.174,0.1284,0.0497,18.95
2025-07-25 02:00:00,0.0,0.7992,0.1228,0.049,18.09
2025-07-25 02:30:00,0.0,0.9261,0.1156,0.0481,16.97
2025-07-25 03:00:00,0.0,0.8134,0.1299,0.0496,16.41
2025-07-25 03:30:00,0.0,0.7885,0.1173,0.051,13.73
2025-07-25 04:00:00,0.0,0.9464,0.1183,0.05,17.75
2025-07-25 04:30:00,0.0,0.7762,0.1217,0.0506,17.98
2025-07-25 05:00:00,0.0,0.8807,0.1278,0.0536,19.55
2025-07-25 05:30:00,0.0,0.9231,0.1243,0.0493,19.25
2025-07-25 06:00:00,0.1547,0.8231,0.1221,0.0506,19.52
2025-07-25 06:30:00,0.3078,1.1308,0.1223,0.049,17.85
2025-07-25 07:00:00,0.4577,1.014,0.1202,0.0483,19.63
2025-07-25 07:30:00,0.6029,0.9704,0.1228,0.0488,22.25
2025-07-25 08:00:00,0.742,1.1805,0.1074,0.049,24.57
2025-07-25 08:30:00,0.8734,0.949,0.1185,0.0507,22.29
2025-07-25 09:00:00,0.9959,1.0445,0.1212,0.0547,23.32
2025-07-25 09:30:00,1.1082,0.9806,0.1142,0.0486,24.6
2025-07-25 10:00:00,1.209,1.0863,0.1219,0.0492,22.25
2025-07-25 10:30:00,1.2975,0.9462,0.119,0.0499,24.25
2025-07-25 11:00:00,1.3727,0.8374,0.1288,0.0508,22.75
2025-07-25 11:30:00,1.4338,0.9438,0.1279,0.0505,25.26
2025-07-25 12:00:00,1.4801,1.0206,0.1177,0.0526,24.23
2025-07-25 12:30:00,1.5113,0.8952,0.1192,0.0451,24.41
2025-07-25 13:00:00,1.527,0.8207,0.1196,0.0452,22.69
2025-07-25 13:30:00,1.527,0.6405,0.1177,0.049,24.76
2025-07-25 14:00:00,1.5113,0.7115,0.121,0.0522,26.59
2025-07-25 14:30:00,1.4801,0.8831,0.1162,0.0469,21.66
2025-07-25 15:00:00,1.4338,0.9278,0.1143,0.044,22.32
2025-07-25 15:30:00,1.3727,1.1223,0.1231,0.0511,22.78
2025-07-25 16:00:00,1.2975,1.3344,0.3431,0.0505,23.18
2025-07-25 16:30:00,1.209,1.6211,0.336,0.0478,20.69
2025-07-25 17:00:00,1.1082,1.772,0.3445,0.048,16.79
2025-07-25 17:30:00,0.9959,2.0958,0.3368,0.0481,22.56
2025-07-25 18:00:00,0.8734,2.2393,0.3413,0.0502,21.14
2025-07-25 18:30:00,0.742,2.0738,0.3441,0.0487,16.86
2025-07-25 19:00:00,0.6029,2.2791,0.3398,0.051,18.05
2025-07-25 19:30:00,0.4577,2.3485,0.3423,0.0443,20.82
2025-07-25 20:00:00,0.3078,2.0482,0.3374,0.0483,20.17
2025-07-25 20:30:00,0.1547,2.1128,0.339,0.0477,18.97
2025-07-25 21:00:00,0.0,2.0122,0.119,0.0495,16.91
2025-07-25 21:30:00,0.0,1.7245,0.1163,0.0489,16.95
2025-07-25 22:00:00,0.0,1.2939,0.1191,0.0516,16.34
2025-07-25 22:30:00,0.0,1.374,0.1123,0.0463,18.0
2025-07-25 23:00:00,0.0,1.0415,0.1175,0.0501,14.82
2025-07-25 23:30:00,0.0,0.8783,0.1186,0.0511,14.83
2025-07-26 00:00:00,0.0,0.708,0.1187,0.0537,17.52
2025-07-26 00:30:00,0.0,0.7546,0.1188,0.049,15.97
2025-07-26 01:00:00,0.0,0.7418,0.1197,0.0506,18.2
2025-07-26 01:30:00,0.0,0.8256,0.1224,0.0464,15.3
2025-07-26 02:00:00,0.0,0.8242,0.1244,0.0452,16.45
2025-07-26 02:30:00,0.0,0.8008,0.1168,0.0517,15.44
2025-07-26 03:00:00,0.0,0.8667,0.114,0.05,17.18
2025-07-26 03:30:00,0.0,0.9819,0.1148,0.0524,15.35
2025-07-26 04:00:00,0.0,0.951,0.1176,0.0473,17.27
2025-07-26 04:30:00,0.0,0.597,0.1182,0.051,16.31
2025-07-26 05:00:00,0.0,0.4575,0.1162,0.0537,20.01
2025-07-26 05:30:00,0.0,1.015,0.1135,0.0508,20.55
2025-07-26 06:00:00,0.2886,0.7183,0.1177,0.0506,17.4
2025-07-26 06:30:00,0.5743,0.9482,0.1209,0.05,22.52
2025-07-26 07:00:00,0.854,0.8647,0.123,0.0469,24.78
2025-07-26 07:30:00,1.125,0.8135,0.1172,0.0527,21.6
2025-07-26 08:00:00,1.3845,1.1812,0.1179,0.0488,21.04
2025-07-26 08:30:00,1.6297,1.1977,0.1154,0.051,26.67
2025-07-26 09:00:00,1.8583,0.9538,0.1198,0.0469,20.85
2025-07-26 09:30:00,2.0677,0.5933,0.1158,0.0476,23.2
2025-07-26 10:00:00,2.256,0.8415,0.1229,0.0529,23.73
2025-07-26 10:30:00,2.4211,0.9338,0.1111,0.0493,25.71
2025-07-26 11:00:00,2.5613,0.6193,0.1182,0.0529,24.4
2025-07-26 11:30:00,2.6753,0.8487,0.1215,0.0498,23.22
2025-07-26 12:00:00,2.7618,0.8098,0.1209,0.0463,22.57
2025-07-26 12:30:00,2.82,0.8985,0.1335,0.0518,23.45
2025-07-26 13:00:00,2.8492,0.8371,0.1217,0.0488,22.35
2025-07-26 13:30:00,2.8492,0.6913,0.115,0.0514,23.77
2025-07-26 14:00:00,2.82,1.0508,0.1195,0.0501,22.62
2025-07-26 14:30:00,2.7618,0.9051,0.1111,0.0469,20.93
2025-07-26 15:00:00,2.6753,1.0152,0.1196,0.0503,24.71
2025-07-26 15:30:00,2.5613,1.0104,0.1158,0.0544,21.69
2025-07-26 16:00:00,2.4211,1.2594,0.3446,0.051,20.1
2025-07-26 16:30:00,2.256,1.409,0.3373,0.0499,21.28
2025-07-26 17:00:00,2.0677,1.7566,0.3394,0.0522,21.14
2025-07-26 17:30:00,1.8583,2.2796,0.3368,0.0504,17.9
2025-07-26 18:00:00,1.6297,2.0239,0.3487,0.0504,20.5
2025-07-26 18:30:00,1.3845,2.1281,0.3384,0.0478,17.91
2025-07-26 19:00:00,1.125,2.6407,0.3492,0.0505,21.53
2025-07-26 19:30:00,0.854,2.3388,0.3441,0.0521,19.26
2025-07-26 20:00:00,0.5743,2.1293,0.3424,0.0483,17.4
2025-07-26 20:30:00,0.2886,2.1788,0.3418,0.0528,16.45
2025-07-26 21:00:00,0.0,1.6917,0.122,0.0498,17.01
2025-07-26 21:30:00,0.0,1.8156,0.1104,0.0482,17.75
2025-07-26 22:00:00,0.0,1.4276,0.1186,0.052,16.5
2025-07-26 22:30:00,0.0,1.0772,0.1242,0.0494,15.98
2025-07-26 23:00:00,0.0,1.3428,0.1198,0.0515,16.22
2025-07-26 23:30:00,0.0,0.838,0.113,0.0494,15.13
2025-07-27 00:00:00,0.0,0.9113,0.1197,0.0499,15.49
2025-07-27 00:30:00,0.0,0.8449,0.1285,0.051,12.91
2025-07-27 01:00:00,0.0,0.9953,0.1262,0.0506,17.6
2025-07-27 01:30:00,0.0,1.0343,0.1197,0.046,16.75
2025-07-27 02:00:00,0.0,0.8049,0.1248,0.0478,15.38
2025-07-27 02:30:00,0.0,0.6873,0.1182,0.0519,19.67
2025-07-27 03:00:00,0.0,0.8702,0.1115,0.0497,17.3
2025-07-27 03:30:00,0.0,0.7017,0.1154,0.049,16.01
2025-07-27 04:00:00,0.0,1.1106,0.1278,0.0473,19.29
2025-07-27 04:30:00,0.0,0.8402,0.1186,0.0478,19.07
2025-07-27 05:00:00,0.0,0.7858,0.1188,0.046,19.56
2025-07-27 05:30:00,0.0,0.9025,0.1185,0.0498,18.84
2025-07-27 06:00:00,0.3372,0.7213,0.1295,0.0488,20.68
2025-07-27 06:30:00,0.6709,0.8362,0.1281,0.0481,20.13
2025-07-27 07:00:00,0.9977,1.2203,0.1311,0.0499,21.87
2025-07-27 07:30:00,1.3143,0.9853,0.1192,0.0507,18.67
2025-07-27 08:00:00,1.6175,0.943,0.1215,0.0542,21.35
2025-07-27 08:30:00,1.904,1.1643,0.1124,0.047,25.02
2025-07-27 09:00:00,2.1709,1.2181,0.1274,0.0523,21.68
2025-07-27 09:30:00,2.4156,1.0898,0.1142,0.0519,22.27
2025-07-27 10:00:00,2.6356,1.0728,0.1211,0.0484,22.79
2025-07-27 10:30:00,2.8284,0.7615,0.1145,0.0504,21.87
2025-07-27 11:00:00,2.9923,0.6279,0.1171,0.0491,20.55
2025-07-27 11:30:00,3.1254,1.0464,0.1158,0.0504,23.62
2025-07-27 12:00:00,3.2265,0.7637,0.117,0.053,24.2
2025-07-27 12:30:00,3.2944,0.7739,0.1173,0.0512,23.89
2025-07-27 13:00:00,3.3286,1.0184,0.1173,0.051,23.65
2025-07-27 13:30:00,3.3286,0.9207,0.1242,0.0491,23.76
2025-07-27 14:00:00,3.2944,0.9397,0.1145,0.047,25.0
2025-07-27 14:30:00,3.2265,1.2537,0.1211,0.0496,22.89
2025-07-27 15:00:00,3.1254,0.9227,0.1261,0.0524,21.97
2025-07-27 15:30:00,2.9923,1.2895,0.1174,0.0469,22.01
2025-07-27 16:00:00,2.8284,1.3345,0.3364,0.0479,22.87
2025-07-27 16:30:00,2.6356,1.582,0.3388,0.0503,23.65
2025-07-27 17:00:00,2.4156,2.0118,0.3459,0.048,20.09
2025-07-27 17:30:00,2.1709,2.099,0.341,0.0484,20.67
2025-07-27 18:00:00,1.904,2.3104,0.3373,0.0492,20.51
2025-07-27 18:30:00,1.6175,2.531,0.3424,0.0473,17.99
2025-07-27 19:00:00,1.3143,2.3653,0.3345,0.0481,19.0
2025-07-27 19:30:00,0.9977,2.2443,0.3434,0.0514,16.27
2025-07-27 20:00:00,0.6709,2.0729,0.342,0.0474,15.35
2025-07-27 20:30:00,0.3372,1.7279,0.3385,0.0468,18.12
2025-07-27 21:00:00,0.0,2.091,0.1158,0.0487,16.6
2025-07-27 21:30:00,0.0,1.3762,0.1156,0.0515,17.13
2025-07-27 22:00:00,0.0,1.2927,0.1227,0.0496,16.51
2025-07-27 22:30:00,0.0,1.1088,0.1261,0.0491,14.84
2025-07-27 23:00:00,0.0,1.0654,0.1168,0.0501,16.07
2025-07-27 23:30:00,0.0,1.0512,0.1223,0.0465,14.18
2025-07-28 00:00:00,0.0,0.9291,0.1096,0.051,18.09
2025-07-28 00:30:00,0.0,0.7125,0.1171,0.0508,14.0
2025-07-28 01:00:00,0.0,0.7749,0.1198,0.0492,15.84
2025-07-28 01:30:00,0.0,0.8424,0.1155,0.052,14.74
2025-07-28 02:00:00,0.0,0.7628,0.1153,0.0477,17.39
2025-07-28 02:30:00,0.0,1.0415,0.1167,0.0523,16.33
2025-07-28 03:00:00,0.0,0.8748,0.1215,0.0503,16.39
2025-07-28 03:30:00,0.0,0.9136,0.1191,0.0493,18.84
2025-07-28 04:00:00,0.0,0.908,0.1088,0.05,18.04
2025-07-28 04:30:00,0.0,0.9957,0.1094,0.0498,19.24
2025-07-28 05:00:00,0.0,0.8678,0.117,0.0524,17.49
2025-07-28 05:30:00,0.0,0.6803,0.1223,0.0478,17.37
2025-07-28 06:00:00,0.3038,0.9833,0.1063,0.0485,20.16
2025-07-28 06:30:00,0.6045,0.8843,0.1175,0.0521,20.04
2025-07-28 07:00:00,0.899,0.9609,0.1174,0.0488,21.97
2025-07-28 07:30:00,1.1843,1.1717,0.1269,0.0518,21.41
2025-07-28 08:00:00,1.4575,1.2857,0.1181,0.0534,22.31
2025-07-28 08:30:00,1.7156,1.087,0.1219,0.0492,20.0
2025-07-28 09:00:00,1.9562,1.0866,0.1207,0.0514,25.66
2025-07-28 09:30:00,2.1767,1.2373,0.1093,0.0477,22.93
2025-07-28 10:00:00,2.3749,0.9595,0.1238,0.0515,24.51
2025-07-28 10:30:00,2.5487,1.2653,0.1211,0.0504,22.44
2025-07-28 11:00:00,2.6963,0.926,0.1225,0.0509,24.33
2025-07-28 11:30:00,2.8163,0.557,0.1396,0.0487,22.01
2025-07-28 12:00:00,2.9073,0.9251,0.1096,0.0467,24.68
2025-07-28 12:30:00,2.9686,0.8687,0.1286,0.051,23.43
2025-07-28 13:00:00,2.9993,1.0126,0.1186,0.0459,23.91
2025-07-28 13:30:00,2.9993,0.9383,0.1214,0.0494,24.74
2025-07-28 14:00:00,2.9686,0.8505,0.1198,0.0519,21.62
2025-07-28 14:30:00,2.9073,0.7453,0.1179,0.0504,22.15
2025-07-28 15:00:00,2.8163,0.9879,0.1172,0.0539,23.51
2025-07-28 15:30:00,2.6963,1.0228,0.1216,0.0521,25.58
2025-07-28 16:00:00,2.5487,1.2389,0.3324,0.0487,21.79
2025-07-28 16:30:00,2.3749,1.63,0.3438,0.0501,22.42
2025-07-28 17:00:00,2.1767,2.0331,0.3379,0.0499,20.87
2025-07-28 17:30:00,1.9562,2.082,0.3343,0.0468,23.44
2025-07-28 18:00:00,1.7156,2.0503,0.3377,0.0481,17.38
2025-07-28 18:30:00,1.4575,2.4368,0.3463,0.0489,19.62
2025-07-28 19:00:00,1.1843,2.5995,0.3373,0.0459,16.53
2025-07-28 19:30:00,0.899,2.2787,0.3418,0.0501,14.71
2025-07-28 20:00:00,0.6045,2.2095,0.3363,0.0495,18.45
2025-07-28 20:30:00,0.3038,2.025,0.3438,0.0467,17.77
2025-07-28 21:00:00,0.0,1.6648,0.1234,0.0508,16.74
2025-07-28 21:30:00,0.0,1.6389,0.1292,0.0514,16.67
2025-07-28 22:00:00,0.0,1.3078,0.1191,0.0505,21.18
2025-07-28 22:30:00,0.0,1.2133,0.1233,0.0494,15.92
2025-07-28 23:00:00,0.0,0.8861,0.1205,0.0512,16.9
2025-07-28 23:30:00,0.0,0.8633,0.1265,0.0514,15.06
2025-07-29 00:00:00,0.0,0.9084,0.1164,0.0506,16.44
2025-07-29 00:30:00,0.0,0.7441,0.1237,0.0484,15.68
2025-07-29 01:00:00,0.0,1.0591,0.119,0.0506,15.52
2025-07-29 01:30:00,0.0,0.7401,0.1197,0.0524,19.03
2025-07-29 02:00:00,0.0,0.8338,0.1205,0.0488,18.3
2025-07-29 02:30:00,0.0,0.9402,0.1213,0.0542,17.03
2025-07-29 03:00:00,0.0,0.5884,0.1194,0.0489,13.72
2025-07-29 03:30:00,0.0,0.5392,0.1211,0.0501,17.02
2025-07-29 04:00:00,0.0,0.5797,0.1279,0.0487,22.05
2025-07-29 04:30:00,0.0,1.0091,0.1249,0.0504,18.12
2025-07-29 05:00:00,0.0,0.7578,0.1243,0.0465,20.62
2025-07-29 05:30:00,0.0,1.2585,0.1177,0.0489,21.64
2025-07-29 06:00:00,0.2493,0.8387,0.1156,0.0478,20.33
2025-07-29 06:30:00,0.496,1.0096,0.1248,0.0503,19.26
2025-07-29 07:00:00,0.7376,1.2715,0.1244,0.052,17.38
2025-07-29 07:30:00,0.9717,1.3847,0.1274,0.0513,22.56
2025-07-29 08:00:00,1.1958,1.4092,0.117,0.0453,20.78
2025-07-29 08:30:00,1.4076,1.265,0.1189,0.0541,22.7
2025-07-29 09:00:00,1.6049,1.1938,0.1118,0.0506,20.95
2025-07-29 09:30:00,1.7858,1.0709,0.118,0.0484,22.78
2025-07-29 10:00:00,1.9484,1.0402,0.125,0.0503,23.51
2025-07-29 10:30:00,2.091,0.7923,0.1177,0.0504,24.1
2025-07-29 11:00:00,2.2121,0.7184,0.1232,0.0487,22.19
2025-07-29 11:30:00,2.3106,0.8206,0.119,0.0504,25.76
2025-07-29 12:00:00,2.3853,0.7866,0.1216,0.0488,23.1
2025-07-29 12:30:00,2.4355,0.7436,0.1143,0.0492,21.45
2025-07-29 13:00:00,2.4608,0.9236,0.1204,0.0486,23.7
2025-07-29 13:30:00,2.4608,0.9806,0.105,0.0471,23.75
2025-07-29 14:00:00,2.4355,0.8845,0.1191,0.0503,23.7
2025-07-29 14:30:00,2.3853,1.1505,0.1118,0.0512,25.22
2025-07-29 15:00:00,2.3106,0.848,0.126,0.051,22.47
2025-07-29 15:30:00,2.2121,1.1213,0.1239,0.0516,22.26
2025-07-29 16:00:00,2.091,1.2184,0.3423,0.0506,20.35
2025-07-29 16:30:00,1.9484,1.2617,0.3476,0.0489,22.76
2025-07-29 17:00:00,1.7858,1.7702,0.3353,0.0517,21.31
2025-07-29 17:30:00,1.6049,2.0046,0.3487,0.0473,19.89
2025-07-29 18:00:00,1.4076,2.4567,0.3447,0.0482,17.14
2025-07-29 18:30:00,1.1958,2.4648,0.3388,0.0481,21.64
2025-07-29 19:00:00,0.9717,2.2664,0.3457,0.0522,17.12
2025-07-29 19:30:00,0.7376,2.6483,0.3345,0.0519,17.58
2025-07-29 20:00:00,0.496,2.4128,0.3359,0.051,18.54
2025-07-29 20:30:00,0.2493,2.1102,0.337,0.0521,15.77
2025-07-29 21:00:00,0.0,1.7486,0.1174,0.0482,14.93
2025-07-29 21:30:00,0.0,1.3978,0.1147,0.0507,13.64
2025-07-29 22:00:00,0.0,1.2701,0.1261,0.0497,17.62
2025-07-29 22:30:00,0.0,1.3137,0.1187,0.0517,15.49
2025-07-29 23:00:00,0.0,1.3019,0.1218,0.0498,20.53
2025-07-29 23:30:00,0.0,1.1604,0.1171,0.0492,14.54
2025-07-30 00:00:00,0.0,0.7267,0.1109,0.0511,14.62
2025-07-30 00:30:00,0.0,0.6321,0.1214,0.0518,15.19
2025-07-30 01:00:00,0.0,0.8211,0.1104,0.0487,16.5
2025-07-30 01:30:00,0.0,0.5348,0.1197,0.0499,15.6
2025-07-30 02:00:00,0.0,0.8486,0.1132,0.0479,17.45
2025-07-30 02:30:00,0.0,0.7782,0.1299,0.045,15.36
2025-07-30 03:00:00,0.0,0.7313,0.1246,0.0504,15.1
2025-07-30 03:30:00,0.0,0.5641,0.1205,0.0512,14.87
2025-07-30 04:00:00,0.0,0.8856,0.1263,0.0505,14.66
2025-07-30 04:30:00,0.0,0.7398,0.1158,0.0461,17.69
2025-07-30 05:00:00,0.0,0.6651,0.1227,0.0493,18.51
2025-07-30 05:30:00,0.0,0.444,0.121,0.0456,18.53
2025-07-30 06:00:00,0.2401,0.9192,0.1213,0.0527,21.87
2025-07-30 06:30:00,0.4778,1.2478,0.1264,0.0478,22.36
2025-07-30 07:00:00,0.7105,1.2894,0.1237,0.0525,20.53
2025-07-30 07:30:00,0.936,1.0152,0.1214,0.0519,18.84
2025-07-30 08:00:00,1.1519,1.0097,0.1117,0.0482,21.15
2025-07-30 08:30:00,1.3559,1.1541,0.1152,0.0477,21.54
2025-07-30 09:00:00,1.546,0.8905,0.1194,0.0507,21.84
2025-07-30 09:30:00,1.7203,1.0272,0.1205,0.0483,22.13
2025-07-30 10:00:00,1.8769,1.0383,0.1143,0.0502,22.48
2025-07-30 10:30:00,2.0142,1.059,0.1321,0.049,23.12
2025-07-30 11:00:00,2.1309,0.8261,0.1276,0.0464,22.91
2025-07-30 11:30:00,2.2257,0.7906,0.123,0.0455,24.28
2025-07-30 12:00:00,2.2977,0.6804,0.1204,0.0505,24.54
2025-07-30 12:30:00,2.3461,0.6875,0.1189,0.0489,22.6
2025-07-30 13:00:00,2.3704,0.7852,0.1152,0.0489,25.77
2025-07-30 13:30:00,2.3704,0.8924,0.1204,0.0514,22.23
2025-07-30 14:00:00,2.3461,1.0083,0.1213,0.0523,21.04
2025-07-30 14:30:00,2.2977,0.8084,0.1138,0.0495,23.74
2025-07-30 15:00:00,2.2257,1.2432,0.1217,0.0493,21.6
2025-07-30 15:30:00,2.1309,1.1097,0.1192,0.051,22.92
2025-07-30 16:00:00,2.0142,1.3227,0.3305,0.0473,18.39
2025-07-30 16:30:00,1.8769,1.4296,0.3357,0.0504,23.62
2025-07-30 17:00:00,1.7203,1.4189,0.3379,0.0511,22.04
2025-07-30 17:30:00,1.546,2.1554,0.3494,0.0514,18.27
2025-07-30 18:00:00,1.3559,2.3402,0.3428,0.0461,17.78
2025-07-30 18:30:00,1.1519,2.328,0.3333,0.0485,21.99
2025-07-30 19:00:00,0.936,2.43,0.3424,0.0482,17.86
2025-07-30 19:30:00,0.7105,2.4475,0.3323,0.0502,17.22
2025-07-30 20:00:00,0.4778,1.9953,0.3454,0.051,14.6
2025-07-30 20:30:00,0.2401,1.9435,0.3376,0.053,17.04
2025-07-30 21:00:00,0.0,1.9017,0.1195,0.049,16.83
2025-07-30 21:30:00,0.0,1.3535,0.1266,0.049,17.9
2025-07-30 22:00:00,0.0,1.37,0.1136,0.0523,14.44
2025-07-30 22:30:00,0.0,0.9469,0.113,0.0506,14.02
2025-07-30 23:00:00,0.0,1.0892,0.1171,0.0525,16.81
2025-07-30 23:30:00,0.0,0.9235,0.1252,0.0506,17.54
